TIPO_DATO_AVQ,Tipo dato,MISURA_AVQ,Misura,SEXISTAT1,Sesso,ETA1,Classe di eta,TIME,Seleziona periodo,Value,Flag Codes,Flags
14_FUMO_SI,fumatori,THV,valori in migliaia,1,maschi,Y20-24,20-24 anni,2018,2018,505,,
14_FUMO_EX,ex fumatori,THV,valori in migliaia,1,maschi,Y20-24,20-24 anni,2018,2018,174,,
14_FUMO_NO,non fumatori,THV,valori in migliaia,1,maschi,Y20-24,20-24 anni,2018,2018,852,,
14_FUMO_SI,fumatori,THV,valori in migliaia,2,femmine,Y20-24,20-24 anni,2018,2018,297,,
14_FUMO_EX,ex fumatori,THV,valori in migliaia,2,femmine,Y20-24,20-24 anni,2018,2018,120,,
14_FUMO_SI,fumatori,THV,valori in migliaia,9,totale,Y20-24,20-24 anni,2018,2018,802,,
14_FUMO_EX,ex fumatori,THV,valori in migliaia,9,totale,Y20-24,20-24 anni,2018,2018,294,,
14_FUMO_SI,fumatori,HSC,per 100 persone con le stesse caratteristiche,1,maschi,Y20-24,20-24 anni,2018,2018,32.4,,
14_FUMO_SI,fumatori,HSC,per 100 persone con le stesse caratteristiche,2,femmine,Y20-24,20-24 anni,2018,2018,22.2,,
14_FUMO_EX,ex fumatori,HSC,per 100 persone con le stesse caratteristiche,2,femmine,Y20-24,20-24 anni,2018,2018,9,,
14_FUMO_SI,fumatori,HSC,per 100 persone con le stesse caratteristiche,9,totale,Y20-24,20-24 anni,2018,2018,27.7,,
14_FUMO_SI,fumatori,THV,valori in migliaia,1,maschi,Y25-34,25-34 anni,2018,2018,1075,,
14_FUMO_EX,ex fumatori,THV,valori in migliaia,1,maschi,Y25-34,25-34 anni,2018,2018,574,,
14_FUMO_SI,fumatori,THV,valori in migliaia,2,femmine,Y25-34,25-34 anni,2018,2018,584,,
14_FUMO_EX,ex fumatori,THV,valori in migliaia,2,femmine,Y25-34,25-34 anni,2018,2018,498,,
14_FUMO_SI,fumatori,THV,valori in migliaia,9,totale,Y25-34,25-34 anni,2018,2018,1659,,
14_FUMO_EX,ex fumatori,THV,valori in migliaia,9,totale,Y25-34,25-34 anni,2018,2018,1073,,
14_FUMO_SI,fumatori,HSC,per 100 persone con le stesse caratteristiche,1,maschi,Y25-34,25-34 anni,2018,2018,32,,
14_FUMO_EX,ex fumatori,HSC,per 100 persone con le stesse caratteristiche,1,maschi,Y25-34,25-34 anni,2018,2018,17.1,,
14_FUMO_SI,fumatori,HSC,per 100 persone con le stesse caratteristiche,2,femmine,Y25-34,25-34 anni,2018,2018,17.9,,
14_FUMO_SI,fumatori,HSC,per 100 persone con le stesse caratteristiche,9,totale,Y25-34,25-34 anni,2018,2018,25.1,,
14_FUMO_EX,ex fumatori,HSC,per 100 persone con le stesse caratteristiche,9,totale,Y25-34,25-34 anni,2018,2018,16.2,,
14_FUMO_SI,fumatori,THV,valori in migliaia,1,maschi,Y35-44,35-44 anni,2018,2018,1263,,
14_FUMO_EX,ex fumatori,THV,valori in migliaia,1,maschi,Y35-44,35-44 anni,2018,2018,1053,,
14_FUMO_NO,non fumatori,THV,valori in migliaia,1,maschi,Y35-44,35-44 anni,2018,2018,1830,,
14_FUMO_SI,fumatori,THV,valori in migliaia,2,femmine,Y35-44,35-44 anni,2018,2018,744,,
14_FUMO_EX,ex fumatori,THV,valori in migliaia,2,femmine,Y35-44,35-44 anni,2018,2018,782,,
14_FUMO_SI,fumatori,THV,valori in migliaia,9,totale,Y35-44,35-44 anni,2018,2018,2007,,
14_FUMO_EX,ex fumatori,THV,valori in migliaia,9,totale,Y35-44,35-44 anni,2018,2018,1835,,
14_FUMO_SI,fumatori,HSC,per 100 persone con le stesse caratteristiche,1,maschi,Y35-44,35-44 anni,2018,2018,30.3,,
14_FUMO_EX,ex fumatori,HSC,per 100 persone con le stesse caratteristiche,1,maschi,Y35-44,35-44 anni,2018,2018,25.3,,
14_FUMO_SI,fumatori,HSC,per 100 persone con le stesse caratteristiche,2,femmine,Y35-44,35-44 anni,2018,2018,17.8,,
14_FUMO_SI,fumatori,HSC,per 100 persone con le stesse caratteristiche,9,totale,Y35-44,35-44 anni,2018,2018,24,,
14_FUMO_SI,fumatori,THV,valori in migliaia,1,maschi,Y45-54,45-54 anni,2018,2018,1265,,
14_FUMO_EX,ex fumatori,THV,valori in migliaia,1,maschi,Y45-54,45-54 anni,2018,2018,1318,,
14_FUMO_SI,fumatori,THV,valori in migliaia,2,femmine,Y45-54,45-54 anni,2018,2018,942,,
14_FUMO_EX,ex fumatori,THV,valori in migliaia,2,femmine,Y45-54,45-54 anni,2018,2018,936,,
14_FUMO_SI,fumatori,THV,valori in migliaia,9,totale,Y45-54,45-54 anni,2018,2018,2207,,
14_FUMO_EX,ex fumatori,THV,valori in migliaia,9,totale,Y45-54,45-54 anni,2018,2018,2254,,
14_FUMO_SI,fumatori,HSC,per 100 persone con le stesse caratteristiche,1,maschi,Y45-54,45-54 anni,2018,2018,26.3,,
14_FUMO_EX,ex fumatori,HSC,per 100 persone con le stesse caratteristiche,1,maschi,Y45-54,45-54 anni,2018,2018,27.4,,
14_FUMO_SI,fumatori,HSC,per 100 persone con le stesse caratteristiche,2,femmine,Y45-54,45-54 anni,2018,2018,19.1,,
14_FUMO_SI,fumatori,HSC,per 100 persone con le stesse caratteristiche,9,totale,Y45-54,45-54 anni,2018,2018,22.6,,
14_FUMO_EX,ex fumatori,HSC,per 100 persone con le stesse caratteristiche,9,totale,Y45-54,45-54 anni,2018,2018,23.1,,
14_FUMO_SI,fumatori,THV,valori in migliaia,1,maschi,Y55-59,55-59 anni,2018,2018,508,,
14_FUMO_EX,ex fumatori,THV,valori in migliaia,1,maschi,Y55-59,55-59 anni,2018,2018,741,,
14_FUMO_SI,fumatori,THV,valori in migliaia,2,femmine,Y55-59,55-59 anni,2018,2018,451,,
14_FUMO_EX,ex fumatori,THV,valori in migliaia,2,femmine,Y55-59,55-59 anni,2018,2018,492,,
14_FUMO_SI,fumatori,THV,valori in migliaia,9,totale,Y55-59,55-59 anni,2018,2018,959,,
14_FUMO_EX,ex fumatori,THV,valori in migliaia,9,totale,Y55-59,55-59 anni,2018,2018,1233,,
14_FUMO_SI,fumatori,HSC,per 100 persone con le stesse caratteristiche,1,maschi,Y55-59,55-59 anni,2018,2018,24.2,,
14_FUMO_SI,fumatori,HSC,per 100 persone con le stesse caratteristiche,2,femmine,Y55-59,55-59 anni,2018,2018,20.6,,
14_FUMO_SI,fumatori,HSC,per 100 persone con le stesse caratteristiche,9,totale,Y55-59,55-59 anni,2018,2018,22.4,,
14_FUMO_SI,fumatori,THV,valori in migliaia,1,maschi,Y60-64,60-64 anni,2018,2018,380,,
14_FUMO_EX,ex fumatori,THV,valori in migliaia,1,maschi,Y60-64,60-64 anni,2018,2018,757,,
14_FUMO_SI,fumatori,THV,valori in migliaia,2,femmine,Y60-64,60-64 anni,2018,2018,327,,
14_FUMO_EX,ex fumatori,THV,valori in migliaia,2,femmine,Y60-64,60-64 anni,2018,2018,459,,
14_FUMO_SI,fumatori,THV,valori in migliaia,9,totale,Y60-64,60-64 anni,2018,2018,707,,
14_FUMO_EX,ex fumatori,THV,valori in migliaia,9,totale,Y60-64,60-64 anni,2018,2018,1216,,
14_FUMO_SI,fumatori,HSC,per 100 persone con le stesse caratteristiche,1,maschi,Y60-64,60-64 anni,2018,2018,21.1,,
14_FUMO_SI,fumatori,HSC,per 100 persone con le stesse caratteristiche,2,femmine,Y60-64,60-64 anni,2018,2018,16.6,,
14_FUMO_SI,fumatori,HSC,per 100 persone con le stesse caratteristiche,9,totale,Y60-64,60-64 anni,2018,2018,18.8,,
14_FUMO_EX,ex fumatori,HSC,per 100 persone con le stesse caratteristiche,9,totale,Y60-64,60-64 anni,2018,2018,32.3,,
14_FUMO_SI,fumatori,THV,valori in migliaia,1,maschi,Y65-74,65-74 anni,2018,2018,502,,
14_FUMO_EX,ex fumatori,THV,valori in migliaia,1,maschi,Y65-74,65-74 anni,2018,2018,1485,,
14_FUMO_SI,fumatori,THV,valori in migliaia,2,femmine,Y65-74,65-74 anni,2018,2018,416,,
14_FUMO_EX,ex fumatori,THV,valori in migliaia,2,femmine,Y65-74,65-74 anni,2018,2018,788,,
14_FUMO_SI,fumatori,THV,valori in migliaia,9,totale,Y65-74,65-74 anni,2018,2018,919,,
14_FUMO_EX,ex fumatori,THV,valori in migliaia,9,totale,Y65-74,65-74 anni,2018,2018,2273,,
14_FUMO_SI,fumatori,HSC,per 100 persone con le stesse caratteristiche,1,maschi,Y65-74,65-74 anni,2018,2018,16.3,,
14_FUMO_EX,ex fumatori,HSC,per 100 persone con le stesse caratteristiche,1,maschi,Y65-74,65-74 anni,2018,2018,48.3,,
14_FUMO_SI,fumatori,HSC,per 100 persone con le stesse caratteristiche,2,femmine,Y65-74,65-74 anni,2018,2018,11.6,,
14_FUMO_EX,ex fumatori,HSC,per 100 persone con le stesse caratteristiche,2,femmine,Y65-74,65-74 anni,2018,2018,22,,
14_FUMO_SI,fumatori,HSC,per 100 persone con le stesse caratteristiche,9,totale,Y65-74,65-74 anni,2018,2018,13.8,,
14_FUMO_SI,fumatori,THV,valori in migliaia,1,maschi,Y75,75 anni e piu,2018,2018,205,,
14_FUMO_EX,ex fumatori,THV,valori in migliaia,1,maschi,Y75,75 anni e piu,2018,2018,1469,,
14_FUMO_SI,fumatori,THV,valori in migliaia,2,femmine,Y75,75 anni e piu,2018,2018,170,,
14_FUMO_EX,ex fumatori,THV,valori in migliaia,2,femmine,Y75,75 anni e piu,2018,2018,558,,
14_FUMO_SI,fumatori,THV,valori in migliaia,9,totale,Y75,75 anni e piu,2018,2018,375,,
14_FUMO_EX,ex fumatori,THV,valori in migliaia,9,totale,Y75,75 anni e piu,2018,2018,2027,,
14_FUMO_SI,fumatori,HSC,per 100 persone con le stesse caratteristiche,1,maschi,Y75,75 anni e piu,2018,2018,7.3,,
14_FUMO_EX,ex fumatori,HSC,per 100 persone con le stesse caratteristiche,1,maschi,Y75,75 anni e piu,2018,2018,52.5,,
14_FUMO_SI,fumatori,HSC,per 100 persone con le stesse caratteristiche,2,femmine,Y75,75 anni e piu,2018,2018,4.2,,
14_FUMO_SI,fumatori,HSC,per 100 persone con le stesse caratteristiche,9,totale,Y75,75 anni e piu,2018,2018,5.5,,
14_FUMO_SI,fumatori,THV,valori in migliaia,1,maschi,Y14-17,14-17 anni,2018,2018,97,,
14_FUMO_EX,ex fumatori,THV,valori in migliaia,1,maschi,Y14-17,14-17 anni,2018,2018,33,,
14_FUMO_SI,fumatori,THV,valori in migliaia,2,femmine,Y14-17,14-17 anni,2018,2018,54,,
14_FUMO_EX,ex fumatori,THV,valori in migliaia,2,femmine,Y14-17,14-17 anni,2018,2018,33,,
14_FUMO_SI,fumatori,THV,valori in migliaia,9,totale,Y14-17,14-17 anni,2018,2018,150,,
14_FUMO_EX,ex fumatori,THV,valori in migliaia,9,totale,Y14-17,14-17 anni,2018,2018,66,,
14_FUMO_SI,fumatori,HSC,per 100 persone con le stesse caratteristiche,1,maschi,Y14-17,14-17 anni,2018,2018,7.9,,
14_FUMO_EX,ex fumatori,HSC,per 100 persone con le stesse caratteristiche,1,maschi,Y14-17,14-17 anni,2018,2018,2.7,,
14_FUMO_SI,fumatori,HSC,per 100 persone con le stesse caratteristiche,2,femmine,Y14-17,14-17 anni,2018,2018,4.6,,
14_FUMO_EX,ex fumatori,HSC,per 100 persone con le stesse caratteristiche,2,femmine,Y14-17,14-17 anni,2018,2018,2.8,,
14_FUMO_SI,fumatori,HSC,per 100 persone con le stesse caratteristiche,9,totale,Y14-17,14-17 anni,2018,2018,6.3,,
14_FUMO_SI,fumatori,THV,valori in migliaia,1,maschi,Y18-19,18-19 anni,2018,2018,125,,
14_FUMO_EX,ex fumatori,THV,valori in migliaia,1,maschi,Y18-19,18-19 anni,2018,2018,48,,
14_FUMO_SI,fumatori,THV,valori in migliaia,2,femmine,Y18-19,18-19 anni,2018,2018,96,,
14_FUMO_EX,ex fumatori,THV,valori in migliaia,2,femmine,Y18-19,18-19 anni,2018,2018,24,,
14_FUMO_SI,fumatori,THV,valori in migliaia,9,totale,Y18-19,18-19 anni,2018,2018,221,,
14_FUMO_EX,ex fumatori,THV,valori in migliaia,9,totale,Y18-19,18-19 anni,2018,2018,72,,
14_FUMO_SI,fumatori,HSC,per 100 persone con le stesse caratteristiche,1,maschi,Y18-19,18-19 anni,2018,2018,21.8,,
14_FUMO_EX,ex fumatori,HSC,per 100 persone con le stesse caratteristiche,1,maschi,Y18-19,18-19 anni,2018,2018,8.4,,
14_FUMO_SI,fumatori,HSC,per 100 persone con le stesse caratteristiche,2,femmine,Y18-19,18-19 anni,2018,2018,16.4,,
14_FUMO_SI,fumatori,HSC,per 100 persone con le stesse caratteristiche,9,totale,Y18-19,18-19 anni,2018,2018,19,,
14_FUMO_EX,ex fumatori,HSC,per 100 persone con le stesse caratteristiche,9,totale,Y18-19,18-19 anni,2018,2018,6.2,,
14_FUMO_SI,fumatori,THV,valori in migliaia,1,maschi,Y_GE14,14 anni e piu,2018,2018,5924,,
14_FUMO_EX,ex fumatori,THV,valori in migliaia,1,maschi,Y_GE14,14 anni e piu,2018,2018,7652,,
14_FUMO_SI,fumatori,THV,valori in migliaia,2,femmine,Y_GE14,14 anni e piu,2018,2018,4080,,
14_FUMO_EX,ex fumatori,THV,valori in migliaia,2,femmine,Y_GE14,14 anni e piu,2018,2018,4690,,
14_FUMO_SI,fumatori,THV,valori in migliaia,9,totale,Y_GE14,14 anni e piu,2018,2018,10005,,
14_FUMO_EX,ex fumatori,THV,valori in migliaia,9,totale,Y_GE14,14 anni e piu,2018,2018,12342,,
14_FUMO_SI,fumatori,HSC,per 100 persone con le stesse caratteristiche,1,maschi,Y_GE14,14 anni e piu,2018,2018,23.3,,
14_FUMO_SI,fumatori,HSC,per 100 persone con le stesse caratteristiche,2,femmine,Y_GE14,14 anni e piu,2018,2018,15,,
14_FUMO_SI,fumatori,HSC,per 100 persone con le stesse caratteristiche,9,totale,Y_GE14,14 anni e piu,2018,2018,19,,
AV14_FUMO_SIGAR,numero medio di sigarette al giorno,HSC,per 100 persone con le stesse caratteristiche,1,maschi,Y20-24,20-24 anni,2018,2018,9.4,,
14_FUMO_SIGAR_5,fino a 5 sigarette,THV,valori in migliaia,9,totale,Y18-19,18-19 anni,2018,2018,94,,
14_FUMO_NO,non fumatori,HSC,per 100 persone con le stesse caratteristiche,9,totale,Y_GE14,14 anni e piu,2018,2018,56.6,,
14_FUMO_NO,non fumatori,THV,valori in migliaia,1,maschi,Y25-34,25-34 anni,2018,2018,1682,,
14_FUMO_EX,ex fumatori,HSC,per 100 persone con le stesse caratteristiche,9,totale,Y65-74,65-74 anni,2018,2018,34.2,,
14_FUMO_SIGAR_5,fino a 5 sigarette,HSC,per 100 persone con le stesse caratteristiche,9,totale,Y45-54,45-54 anni,2018,2018,22.6,,
14_FUMO_SIGAR_GE20,oltre 20 sigarette,HSC,per 100 persone con le stesse caratteristiche,1,maschi,Y_GE14,14 anni e piu,2018,2018,5.2,,
14_FUMO_NO,non fumatori,THV,valori in migliaia,1,maschi,Y45-54,45-54 anni,2018,2018,2187,,
14_FUMO_SIGAR_11-20,da 11 a 20 sigarette,HSC,per 100 persone con le stesse caratteristiche,1,maschi,Y65-74,65-74 anni,2018,2018,48.5,,
14_FUMO_EX,ex fumatori,HSC,per 100 persone con le stesse caratteristiche,2,femmine,Y60-64,60-64 anni,2018,2018,23.3,,
14_FUMO_SIGAR_GE20,oltre 20 sigarette,THV,valori in migliaia,1,maschi,Y_GE14,14 anni e piu,2018,2018,295,,
14_FUMO_EX,ex fumatori,HSC,per 100 persone con le stesse caratteristiche,2,femmine,Y35-44,35-44 anni,2018,2018,18.7,,
14_FUMO_SS,persone di 14 anni e piu fumatori che fumano sigarette,HSC,per 100 persone con le stesse caratteristiche,2,femmine,Y75,75 anni e piu,2018,2018,99.2,,
14_FUMO_SS,persone di 14 anni e piu fumatori che fumano sigarette,THV,valori in migliaia,9,totale,Y35-44,35-44 anni,2018,2018,1979,,
14_FUMO_SIGAR_6-10,da 6 a 10 sigarette,THV,valori in migliaia,2,femmine,Y35-44,35-44 anni,2018,2018,318,,
14_FUMO_SIGAR_6-10,da 6 a 10 sigarette,THV,valori in migliaia,9,totale,Y55-59,55-59 anni,2018,2018,312,,
14_FUMO_SIGAR_6-10,da 6 a 10 sigarette,THV,valori in migliaia,2,femmine,Y60-64,60-64 anni,2018,2018,141,,
14_FUMO_NO,non fumatori,HSC,per 100 persone con le stesse caratteristiche,1,maschi,Y20-24,20-24 anni,2018,2018,54.6,,
14_FUMO_SS,persone di 14 anni e piu fumatori che fumano sigarette,THV,valori in migliaia,9,totale,Y45-54,45-54 anni,2018,2018,2149,,
14_FUMO_SIGAR_GE20,oltre 20 sigarette,HSC,per 100 persone con le stesse caratteristiche,1,maschi,Y14-17,14-17 anni,2018,2018,0,,
14_FUMO_SS,persone di 14 anni e piu fumatori che fumano sigarette,THV,valori in migliaia,9,totale,Y20-24,20-24 anni,2018,2018,802,,
AV14_FUMO_SIGAR,numero medio di sigarette al giorno,HSC,per 100 persone con le stesse caratteristiche,1,maschi,Y25-34,25-34 anni,2018,2018,11.1,,
14_FUMO_SS,persone di 14 anni e piu fumatori che fumano sigarette,THV,valori in migliaia,9,totale,Y60-64,60-64 anni,2018,2018,670,,
14_FUMO_SS,persone di 14 anni e piu fumatori che fumano sigarette,HSC,per 100 persone con le stesse caratteristiche,1,maschi,Y_GE14,14 anni e piu,2018,2018,96.6,,
14_FUMO_SIGAR_GE20,oltre 20 sigarette,HSC,per 100 persone con le stesse caratteristiche,9,totale,Y65-74,65-74 anni,2018,2018,5.3,,
14_FUMO_SIGAR_6-10,da 6 a 10 sigarette,HSC,per 100 persone con le stesse caratteristiche,2,femmine,Y45-54,45-54 anni,2018,2018,36.4,,
AV14_FUMO_SIGAR,numero medio di sigarette al giorno,HSC,per 100 persone con le stesse caratteristiche,1,maschi,Y45-54,45-54 anni,2018,2018,13.7,,
14_FUMO_SIGAR_6-10,da 6 a 10 sigarette,HSC,per 100 persone con le stesse caratteristiche,2,femmine,Y20-24,20-24 anni,2018,2018,42,,
14_FUMO_SS,persone di 14 anni e piu fumatori che fumano sigarette,THV,valori in migliaia,2,femmine,Y75,75 anni e piu,2018,2018,168,,
14_FUMO_NO,non fumatori,THV,valori in migliaia,1,maschi,Y18-19,18-19 anni,2018,2018,398,,
14_FUMO_SIGAR_11-20,da 11 a 20 sigarette,HSC,per 100 persone con le stesse caratteristiche,9,totale,Y75,75 anni e piu,2018,2018,29,,
14_FUMO_SIGAR_GE20,oltre 20 sigarette,THV,valori in migliaia,2,femmine,Y18-19,18-19 anni,2018,2018,2,,
14_FUMO_SIGAR_5,fino a 5 sigarette,HSC,per 100 persone con le stesse caratteristiche,2,femmine,Y_GE14,14 anni e piu,2018,2018,32.6,,
14_FUMO_SIGAR_11-20,da 11 a 20 sigarette,THV,valori in migliaia,1,maschi,Y65-74,65-74 anni,2018,2018,226,,
14_FUMO_NO,non fumatori,HSC,per 100 persone con le stesse caratteristiche,1,maschi,Y45-54,45-54 anni,2018,2018,45.4,,
14_FUMO_SIGAR_11-20,da 11 a 20 sigarette,THV,valori in migliaia,2,femmine,Y25-34,25-34 anni,2018,2018,134,,
14_FUMO_SIGAR_GE20,oltre 20 sigarette,THV,valori in migliaia,1,maschi,Y75,75 anni e piu,2018,2018,2,,
14_FUMO_NO,non fumatori,THV,valori in migliaia,9,totale,Y_GE14,14 anni e piu,2018,2018,29821,,
14_FUMO_SIGAR_5,fino a 5 sigarette,THV,valori in migliaia,2,femmine,Y_GE14,14 anni e piu,2018,2018,1326,,
14_FUMO_EX,ex fumatori,HSC,per 100 persone con le stesse caratteristiche,9,totale,Y55-59,55-59 anni,2018,2018,28.8,,
14_FUMO_SIGAR_5,fino a 5 sigarette,HSC,per 100 persone con le stesse caratteristiche,1,maschi,Y18-19,18-19 anni,2018,2018,37.3,,
14_FUMO_SIGAR_5,fino a 5 sigarette,THV,valori in migliaia,9,totale,Y75,75 anni e piu,2018,2018,102,,
14_FUMO_SIGAR_GE20,oltre 20 sigarette,THV,valori in migliaia,2,femmine,Y75,75 anni e piu,2018,2018,1,,
14_FUMO_SIGAR_5,fino a 5 sigarette,HSC,per 100 persone con le stesse caratteristiche,9,totale,Y20-24,20-24 anni,2018,2018,38.5,,
14_FUMO_SIGAR_5,fino a 5 sigarette,HSC,per 100 persone con le stesse caratteristiche,9,totale,Y14-17,14-17 anni,2018,2018,56,,
14_FUMO_SIGAR_5,fino a 5 sigarette,HSC,per 100 persone con le stesse caratteristiche,9,totale,Y60-64,60-64 anni,2018,2018,16.7,,
14_FUMO_SIGAR_GE20,oltre 20 sigarette,HSC,per 100 persone con le stesse caratteristiche,2,femmine,Y60-64,60-64 anni,2018,2018,1,,
14_FUMO_SS,persone di 14 anni e piu fumatori che fumano sigarette,HSC,per 100 persone con le stesse caratteristiche,1,maschi,Y75,75 anni e piu,2018,2018,93.7,,
14_FUMO_NO,non fumatori,HSC,per 100 persone con le stesse caratteristiche,2,femmine,Y25-34,25-34 anni,2018,2018,65.7,,
14_FUMO_SIGAR_6-10,da 6 a 10 sigarette,THV,valori in migliaia,9,totale,Y65-74,65-74 anni,2018,2018,272,,
14_FUMO_SIGAR_6-10,da 6 a 10 sigarette,THV,valori in migliaia,9,totale,Y25-34,25-34 anni,2018,2018,621,,
14_FUMO_SIGAR_GE20,oltre 20 sigarette,HSC,per 100 persone con le stesse caratteristiche,9,totale,Y55-59,55-59 anni,2018,2018,5.1,,
14_FUMO_SIGAR_6-10,da 6 a 10 sigarette,HSC,per 100 persone con le stesse caratteristiche,9,totale,Y18-19,18-19 anni,2018,2018,41.1,,
14_FUMO_SIGAR_5,fino a 5 sigarette,THV,valori in migliaia,9,totale,Y14-17,14-17 anni,2018,2018,84,,
14_FUMO_SIGAR_GE20,oltre 20 sigarette,THV,valori in migliaia,2,femmine,Y14-17,14-17 anni,2018,2018,0,,
14_FUMO_SIGAR_GE20,oltre 20 sigarette,THV,valori in migliaia,9,totale,Y60-64,60-64 anni,2018,2018,32,,
14_FUMO_SIGAR_11-20,da 11 a 20 sigarette,HSC,per 100 persone con le stesse caratteristiche,9,totale,Y_GE14,14 anni e piu,2018,2018,34.4,,
14_FUMO_SIGAR_6-10,da 6 a 10 sigarette,HSC,per 100 persone con le stesse caratteristiche,1,maschi,Y14-17,14-17 anni,2018,2018,34.4,,
14_FUMO_SIGAR_6-10,da 6 a 10 sigarette,HSC,per 100 persone con le stesse caratteristiche,2,femmine,Y60-64,60-64 anni,2018,2018,43.3,,
14_FUMO_SIGAR_5,fino a 5 sigarette,THV,valori in migliaia,9,totale,Y20-24,20-24 anni,2018,2018,308,,
14_FUMO_EX,ex fumatori,HSC,per 100 persone con le stesse caratteristiche,1,maschi,Y_GE14,14 anni e piu,2018,2018,30.1,,
14_FUMO_SS,persone di 14 anni e piu fumatori che fumano sigarette,THV,valori in migliaia,2,femmine,Y_GE14,14 anni e piu,2018,2018,4066,,
14_FUMO_SIGAR_5,fino a 5 sigarette,HSC,per 100 persone con le stesse caratteristiche,2,femmine,Y75,75 anni e piu,2018,2018,32.3,,
14_FUMO_SIGAR_6-10,da 6 a 10 sigarette,HSC,per 100 persone con le stesse caratteristiche,2,femmine,Y55-59,55-59 anni,2018,2018,41.2,,
14_FUMO_SS,persone di 14 anni e piu fumatori che fumano sigarette,THV,valori in migliaia,2,femmine,Y14-17,14-17 anni,2018,2018,54,,
14_FUMO_SIGAR_GE20,oltre 20 sigarette,THV,valori in migliaia,9,totale,Y45-54,45-54 anni,2018,2018,111,,
14_FUMO_SIGAR_6-10,da 6 a 10 sigarette,HSC,per 100 persone con le stesse caratteristiche,1,maschi,Y55-59,55-59 anni,2018,2018,26.6,,
14_FUMO_SIGAR_GE20,oltre 20 sigarette,HSC,per 100 persone con le stesse caratteristiche,9,totale,Y35-44,35-44 anni,2018,2018,3.7,,
14_FUMO_NO,non fumatori,THV,valori in migliaia,1,maschi,Y60-64,60-64 anni,2018,2018,651,,
14_FUMO_NO,non fumatori,HSC,per 100 persone con le stesse caratteristiche,1,maschi,Y35-44,35-44 anni,2018,2018,43.9,,
14_FUMO_EX,ex fumatori,HSC,per 100 persone con le stesse caratteristiche,2,femmine,Y45-54,45-54 anni,2018,2018,18.9,,
14_FUMO_SIGAR_5,fino a 5 sigarette,HSC,per 100 persone con le stesse caratteristiche,1,maschi,Y75,75 anni e piu,2018,2018,25,,
14_FUMO_SIGAR_6-10,da 6 a 10 sigarette,THV,valori in migliaia,2,femmine,Y45-54,45-54 anni,2018,2018,341,,
14_FUMO_SIGAR_11-20,da 11 a 20 sigarette,HSC,per 100 persone con le stesse caratteristiche,9,totale,Y14-17,14-17 anni,2018,2018,15.5,,
14_FUMO_SIGAR_11-20,da 11 a 20 sigarette,THV,valori in migliaia,9,totale,Y75,75 anni e piu,2018,2018,105,,
14_FUMO_SS,persone di 14 anni e piu fumatori che fumano sigarette,HSC,per 100 persone con le stesse caratteristiche,9,totale,Y35-44,35-44 anni,2018,2018,98.6,,
14_FUMO_SIGAR_6-10,da 6 a 10 sigarette,HSC,per 100 persone con le stesse caratteristiche,2,femmine,Y35-44,35-44 anni,2018,2018,42.9,,
14_FUMO_SIGAR_6-10,da 6 a 10 sigarette,THV,valori in migliaia,2,femmine,Y18-19,18-19 anni,2018,2018,42,,
14_FUMO_SS,persone di 14 anni e piu fumatori che fumano sigarette,HSC,per 100 persone con le stesse caratteristiche,9,totale,Y45-54,45-54 anni,2018,2018,97.4,,
14_FUMO_SS,persone di 14 anni e piu fumatori che fumano sigarette,THV,valori in migliaia,9,totale,Y18-19,18-19 anni,2018,2018,220,,
14_FUMO_SS,persone di 14 anni e piu fumatori che fumano sigarette,THV,valori in migliaia,1,maschi,Y75,75 anni e piu,2018,2018,192,,
14_FUMO_SS,persone di 14 anni e piu fumatori che fumano sigarette,HSC,per 100 persone con le stesse caratteristiche,9,totale,Y60-64,60-64 anni,2018,2018,94.8,,
14_FUMO_SIGAR_GE20,oltre 20 sigarette,THV,valori in migliaia,9,totale,Y35-44,35-44 anni,2018,2018,73,,
14_FUMO_SIGAR_11-20,da 11 a 20 sigarette,HSC,per 100 persone con le stesse caratteristiche,2,femmine,Y18-19,18-19 anni,2018,2018,4.6,,
14_FUMO_SIGAR_6-10,da 6 a 10 sigarette,THV,valori in migliaia,1,maschi,Y_GE14,14 anni e piu,2018,2018,1881,,
14_FUMO_NO,non fumatori,HSC,per 100 persone con le stesse caratteristiche,1,maschi,Y60-64,60-64 anni,2018,2018,36.2,,
14_FUMO_SS,persone di 14 anni e piu fumatori che fumano sigarette,HSC,per 100 persone con le stesse caratteristiche,9,totale,Y55-59,55-59 anni,2018,2018,96.8,,
14_FUMO_NO,non fumatori,HSC,per 100 persone con le stesse caratteristiche,9,totale,Y75,75 anni e piu,2018,2018,63.6,,
14_FUMO_SS,persone di 14 anni e piu fumatori che fumano sigarette,HSC,per 100 persone con le stesse caratteristiche,2,femmine,Y14-17,14-17 anni,2018,2018,100,,
14_FUMO_SIGAR_11-20,da 11 a 20 sigarette,HSC,per 100 persone con le stesse caratteristiche,1,maschi,Y20-24,20-24 anni,2018,2018,29.6,,
14_FUMO_SIGAR_6-10,da 6 a 10 sigarette,HSC,per 100 persone con le stesse caratteristiche,9,totale,Y65-74,65-74 anni,2018,2018,30.9,,
14_FUMO_SIGAR_5,fino a 5 sigarette,THV,valori in migliaia,1,maschi,Y65-74,65-74 anni,2018,2018,90,,
14_FUMO_NO,non fumatori,HSC,per 100 persone con le stesse caratteristiche,2,femmine,Y18-19,18-19 anni,2018,2018,77.5,,
14_FUMO_SIGAR_6-10,da 6 a 10 sigarette,HSC,per 100 persone con le stesse caratteristiche,9,totale,Y25-34,25-34 anni,2018,2018,37.7,,
14_FUMO_SIGAR_11-20,da 11 a 20 sigarette,THV,valori in migliaia,1,maschi,Y20-24,20-24 anni,2018,2018,150,,
14_FUMO_NO,non fumatori,THV,valori in migliaia,2,femmine,Y25-34,25-34 anni,2018,2018,2145,,
14_FUMO_SIGAR_6-10,da 6 a 10 sigarette,THV,valori in migliaia,1,maschi,Y14-17,14-17 anni,2018,2018,33,,
14_FUMO_NO,non fumatori,THV,valori in migliaia,2,femmine,Y65-74,65-74 anni,2018,2018,2322,,
14_FUMO_SIGAR_5,fino a 5 sigarette,HSC,per 100 persone con le stesse caratteristiche,1,maschi,Y65-74,65-74 anni,2018,2018,19.2,,
14_FUMO_SIGAR_GE20,oltre 20 sigarette,THV,valori in migliaia,9,totale,Y55-59,55-59 anni,2018,2018,48,,
14_FUMO_SIGAR_11-20,da 11 a 20 sigarette,THV,valori in migliaia,9,totale,Y_GE14,14 anni e piu,2018,2018,3370,,
14_FUMO_NO,non fumatori,HSC,per 100 persone con le stesse caratteristiche,2,femmine,Y65-74,65-74 anni,2018,2018,64.9,,
14_FUMO_SIGAR_11-20,da 11 a 20 sigarette,THV,valori in migliaia,1,maschi,Y35-44,35-44 anni,2018,2018,504,,
14_FUMO_SIGAR_6-10,da 6 a 10 sigarette,THV,valori in migliaia,1,maschi,Y75,75 anni e piu,2018,2018,89,,
14_FUMO_SIGAR_11-20,da 11 a 20 sigarette,THV,valori in migliaia,1,maschi,Y55-59,55-59 anni,2018,2018,248,,
14_FUMO_SS,persone di 14 anni e piu fumatori che fumano sigarette,HSC,per 100 persone con le stesse caratteristiche,2,femmine,Y20-24,20-24 anni,2018,2018,100,,
14_FUMO_NO,non fumatori,HSC,per 100 persone con le stesse caratteristiche,2,femmine,Y_GE14,14 anni e piu,2018,2018,66.7,,
14_FUMO_SIGAR_GE20,oltre 20 sigarette,THV,valori in migliaia,2,femmine,Y45-54,45-54 anni,2018,2018,19,,
14_FUMO_SIGAR_11-20,da 11 a 20 sigarette,HSC,per 100 persone con le stesse caratteristiche,9,totale,Y60-64,60-64 anni,2018,2018,42.7,,
14_FUMO_NO,non fumatori,THV,valori in migliaia,2,femmine,Y_GE14,14 anni e piu,2018,2018,18163,,
14_FUMO_EX,ex fumatori,HSC,per 100 persone con le stesse caratteristiche,2,femmine,Y55-59,55-59 anni,2018,2018,22.5,,
14_FUMO_NO,non fumatori,HSC,per 100 persone con le stesse caratteristiche,1,maschi,Y18-19,18-19 anni,2018,2018,69.6,,
14_FUMO_NO,non fumatori,THV,valori in migliaia,9,totale,Y75,75 anni e piu,2018,2018,4322,,
14_FUMO_SIGAR_5,fino a 5 sigarette,THV,valori in migliaia,2,femmine,Y75,75 anni e piu,2018,2018,54,,
14_FUMO_SIGAR_GE20,oltre 20 sigarette,HSC,per 100 persone con le stesse caratteristiche,9,totale,Y20-24,20-24 anni,2018,2018,0.6,,
14_FUMO_SIGAR_6-10,da 6 a 10 sigarette,HSC,per 100 persone con le stesse caratteristiche,2,femmine,Y25-34,25-34 anni,2018,2018,41.3,,
14_FUMO_SIGAR_11-20,da 11 a 20 sigarette,THV,valori in migliaia,2,femmine,Y_GE14,14 anni e piu,2018,2018,1060,,
14_FUMO_SIGAR_6-10,da 6 a 10 sigarette,HSC,per 100 persone con le stesse caratteristiche,1,maschi,Y75,75 anni e piu,2018,2018,46.1,,
14_FUMO_SIGAR_6-10,da 6 a 10 sigarette,HSC,per 100 persone con le stesse caratteristiche,2,femmine,Y18-19,18-19 anni,2018,2018,43.2,,
14_FUMO_SS,persone di 14 anni e piu fumatori che fumano sigarette,THV,valori in migliaia,9,totale,Y65-74,65-74 anni,2018,2018,881,,
14_FUMO_SIGAR_6-10,da 6 a 10 sigarette,THV,valori in migliaia,2,femmine,Y65-74,65-74 anni,2018,2018,152,,
14_FUMO_SS,persone di 14 anni e piu fumatori che fumano sigarette,THV,valori in migliaia,9,totale,Y25-34,25-34 anni,2018,2018,1647,,
14_FUMO_SIGAR_GE20,oltre 20 sigarette,HSC,per 100 persone con le stesse caratteristiche,2,femmine,Y55-59,55-59 anni,2018,2018,1.9,,
14_FUMO_SS,persone di 14 anni e piu fumatori che fumano sigarette,HSC,per 100 persone con le stesse caratteristiche,9,totale,Y18-19,18-19 anni,2018,2018,99.6,,
14_FUMO_SIGAR_5,fino a 5 sigarette,HSC,per 100 persone con le stesse caratteristiche,9,totale,Y55-59,55-59 anni,2018,2018,17,,
14_FUMO_SIGAR_GE20,oltre 20 sigarette,THV,valori in migliaia,9,totale,Y14-17,14-17 anni,2018,2018,0,,
14_FUMO_SIGAR_6-10,da 6 a 10 sigarette,HSC,per 100 persone con le stesse caratteristiche,1,maschi,Y20-24,20-24 anni,2018,2018,36.1,,
14_FUMO_SIGAR_6-10,da 6 a 10 sigarette,THV,valori in migliaia,1,maschi,Y25-34,25-34 anni,2018,2018,380,,
14_FUMO_SIGAR_GE20,oltre 20 sigarette,THV,valori in migliaia,2,femmine,Y20-24,20-24 anni,2018,2018,2,,
14_FUMO_SIGAR_11-20,da 11 a 20 sigarette,HSC,per 100 persone con le stesse caratteristiche,1,maschi,Y18-19,18-19 anni,2018,2018,20.7,,
14_FUMO_SIGAR_11-20,da 11 a 20 sigarette,HSC,per 100 persone con le stesse caratteristiche,2,femmine,Y75,75 anni e piu,2018,2018,30.6,,
14_FUMO_SIGAR_11-20,da 11 a 20 sigarette,THV,valori in migliaia,9,totale,Y18-19,18-19 anni,2018,2018,30,,
14_FUMO_SIGAR_5,fino a 5 sigarette,HSC,per 100 persone con le stesse caratteristiche,1,maschi,Y_GE14,14 anni e piu,2018,2018,21.6,,
14_FUMO_SIGAR_5,fino a 5 sigarette,THV,valori in migliaia,1,maschi,Y_GE14,14 anni e piu,2018,2018,1235,,
14_FUMO_EX,ex fumatori,HSC,per 100 persone con le stesse caratteristiche,9,totale,Y20-24,20-24 anni,2018,2018,10.1,,
14_FUMO_SIGAR_11-20,da 11 a 20 sigarette,HSC,per 100 persone con le stesse caratteristiche,9,totale,Y35-44,35-44 anni,2018,2018,33.7,,
14_FUMO_SIGAR_6-10,da 6 a 10 sigarette,THV,valori in migliaia,1,maschi,Y35-44,35-44 anni,2018,2018,385,,
14_FUMO_SIGAR_11-20,da 11 a 20 sigarette,HSC,per 100 persone con le stesse caratteristiche,9,totale,Y45-54,45-54 anni,2018,2018,37,,
14_FUMO_EX,ex fumatori,HSC,per 100 persone con le stesse caratteristiche,1,maschi,Y60-64,60-64 anni,2018,2018,42.1,,
14_FUMO_SS,persone di 14 anni e piu fumatori che fumano sigarette,THV,valori in migliaia,2,femmine,Y35-44,35-44 anni,2018,2018,741,,
14_FUMO_SIGAR_6-10,da 6 a 10 sigarette,THV,valori in migliaia,1,maschi,Y60-64,60-64 anni,2018,2018,99,,
14_FUMO_SS,persone di 14 anni e piu fumatori che fumano sigarette,THV,valori in migliaia,9,totale,Y55-59,55-59 anni,2018,2018,928,,
14_FUMO_SIGAR_6-10,da 6 a 10 sigarette,THV,valori in migliaia,2,femmine,Y55-59,55-59 anni,2018,2018,185,,
14_FUMO_SS,persone di 14 anni e piu fumatori che fumano sigarette,THV,valori in migliaia,2,femmine,Y60-64,60-64 anni,2018,2018,325,,
14_FUMO_SIGAR_11-20,da 11 a 20 sigarette,THV,valori in migliaia,9,totale,Y60-64,60-64 anni,2018,2018,286,,
14_FUMO_SIGAR_6-10,da 6 a 10 sigarette,THV,valori in migliaia,9,totale,Y20-24,20-24 anni,2018,2018,307,,
14_FUMO_SIGAR_11-20,da 11 a 20 sigarette,HSC,per 100 persone con le stesse caratteristiche,1,maschi,Y55-59,55-59 anni,2018,2018,51.8,,
14_FUMO_SIGAR_11-20,da 11 a 20 sigarette,THV,valori in migliaia,9,totale,Y45-54,45-54 anni,2018,2018,796,,
14_FUMO_SIGAR_5,fino a 5 sigarette,HSC,per 100 persone con le stesse caratteristiche,1,maschi,Y14-17,14-17 anni,2018,2018,57.5,,
14_FUMO_SIGAR_6-10,da 6 a 10 sigarette,HSC,per 100 persone con le stesse caratteristiche,1,maschi,Y25-34,25-34 anni,2018,2018,35.8,,
14_FUMO_SS,persone di 14 anni e piu fumatori che fumano sigarette,HSC,per 100 persone con le stesse caratteristiche,2,femmine,Y45-54,45-54 anni,2018,2018,99.6,,
14_FUMO_SIGAR_6-10,da 6 a 10 sigarette,THV,valori in migliaia,1,maschi,Y18-19,18-19 anni,2018,2018,49,,
14_FUMO_SIGAR_6-10,da 6 a 10 sigarette,HSC,per 100 persone con le stesse caratteristiche,1,maschi,Y45-54,45-54 anni,2018,2018,34.3,,
14_FUMO_SIGAR_5,fino a 5 sigarette,HSC,per 100 persone con le stesse caratteristiche,9,totale,Y65-74,65-74 anni,2018,2018,24,,
14_FUMO_SIGAR_GE20,oltre 20 sigarette,HSC,per 100 persone con le stesse caratteristiche,2,femmine,Y65-74,65-74 anni,2018,2018,4,,
14_FUMO_SIGAR_6-10,da 6 a 10 sigarette,HSC,per 100 persone con le stesse caratteristiche,9,totale,Y_GE14,14 anni e piu,2018,2018,35.7,,
14_FUMO_SIGAR_11-20,da 11 a 20 sigarette,THV,valori in migliaia,9,totale,Y35-44,35-44 anni,2018,2018,667,,
14_FUMO_SIGAR_GE20,oltre 20 sigarette,THV,valori in migliaia,1,maschi,Y14-17,14-17 anni,2018,2018,0,,
14_FUMO_SS,persone di 14 anni e piu fumatori che fumano sigarette,HSC,per 100 persone con le stesse caratteristiche,9,totale,Y20-24,20-24 anni,2018,2018,99.9,,
14_FUMO_SIGAR_11-20,da 11 a 20 sigarette,HSC,per 100 persone con le stesse caratteristiche,2,femmine,Y_GE14,14 anni e piu,2018,2018,26.1,,
14_FUMO_EX,ex fumatori,HSC,per 100 persone con le stesse caratteristiche,2,femmine,Y25-34,25-34 anni,2018,2018,15.3,,
14_FUMO_SIGAR_5,fino a 5 sigarette,THV,valori in migliaia,9,totale,Y35-44,35-44 anni,2018,2018,537,,
14_FUMO_SS,persone di 14 anni e piu fumatori che fumano sigarette,THV,valori in migliaia,1,maschi,Y_GE14,14 anni e piu,2018,2018,5721,,
14_FUMO_SS,persone di 14 anni e piu fumatori che fumano sigarette,THV,valori in migliaia,9,totale,Y14-17,14-17 anni,2018,2018,150,,
14_FUMO_SIGAR_GE20,oltre 20 sigarette,HSC,per 100 persone con le stesse caratteristiche,2,femmine,Y35-44,35-44 anni,2018,2018,1,,
14_FUMO_SIGAR_GE20,oltre 20 sigarette,THV,valori in migliaia,2,femmine,Y60-64,60-64 anni,2018,2018,3,,
14_FUMO_SIGAR_6-10,da 6 a 10 sigarette,HSC,per 100 persone con le stesse caratteristiche,2,femmine,Y14-17,14-17 anni,2018,2018,18.2,,
14_FUMO_SS,persone di 14 anni e piu fumatori che fumano sigarette,HSC,per 100 persone con le stesse caratteristiche,9,totale,Y65-74,65-74 anni,2018,2018,95.9,,
14_FUMO_NO,non fumatori,THV,valori in migliaia,1,maschi,Y65-74,65-74 anni,2018,2018,1065,,
14_FUMO_SIGAR_GE20,oltre 20 sigarette,HSC,per 100 persone con le stesse caratteristiche,1,maschi,Y25-34,25-34 anni,2018,2018,3,,
14_FUMO_SIGAR_6-10,da 6 a 10 sigarette,HSC,per 100 persone con le stesse caratteristiche,2,femmine,Y65-74,65-74 anni,2018,2018,36.6,,
14_FUMO_SS,persone di 14 anni e piu fumatori che fumano sigarette,THV,valori in migliaia,1,maschi,Y14-17,14-17 anni,2018,2018,97,,
14_FUMO_SS,persone di 14 anni e piu fumatori che fumano sigarette,HSC,per 100 persone con le stesse caratteristiche,9,totale,Y25-34,25-34 anni,2018,2018,99.3,,
14_FUMO_SIGAR_GE20,oltre 20 sigarette,THV,valori in migliaia,9,totale,Y25-34,25-34 anni,2018,2018,37,,
14_FUMO_SIGAR_GE20,oltre 20 sigarette,THV,valori in migliaia,9,totale,Y65-74,65-74 anni,2018,2018,47,,
14_FUMO_SIGAR_GE20,oltre 20 sigarette,THV,valori in migliaia,2,femmine,Y55-59,55-59 anni,2018,2018,8,,
14_FUMO_SIGAR_6-10,da 6 a 10 sigarette,THV,valori in migliaia,2,femmine,Y20-24,20-24 anni,2018,2018,125,,
14_FUMO_NO,non fumatori,HSC,per 100 persone con le stesse caratteristiche,1,maschi,Y65-74,65-74 anni,2018,2018,34.6,,
14_FUMO_SIGAR_6-10,da 6 a 10 sigarette,THV,valori in migliaia,2,femmine,Y25-34,25-34 anni,2018,2018,241,,
14_FUMO_SIGAR_GE20,oltre 20 sigarette,HSC,per 100 persone con le stesse caratteristiche,9,totale,Y25-34,25-34 anni,2018,2018,2.2,,
14_FUMO_SIGAR_5,fino a 5 sigarette,THV,valori in migliaia,9,totale,Y60-64,60-64 anni,2018,2018,112,,
14_FUMO_NO,non fumatori,HSC,per 100 persone con le stesse caratteristiche,1,maschi,Y55-59,55-59 anni,2018,2018,40,,
14_FUMO_SS,persone di 14 anni e piu fumatori che fumano sigarette,HSC,per 100 persone con le stesse caratteristiche,2,femmine,Y60-64,60-64 anni,2018,2018,99.2,,
14_FUMO_SS,persone di 14 anni e piu fumatori che fumano sigarette,HSC,per 100 persone con le stesse caratteristiche,1,maschi,Y14-17,14-17 anni,2018,2018,100,,
14_FUMO_SIGAR_GE20,oltre 20 sigarette,THV,valori in migliaia,9,totale,Y20-24,20-24 anni,2018,2018,5,,
14_FUMO_SIGAR_GE20,oltre 20 sigarette,THV,valori in migliaia,2,femmine,Y35-44,35-44 anni,2018,2018,7,,
14_FUMO_SIGAR_5,fino a 5 sigarette,THV,valori in migliaia,9,totale,Y55-59,55-59 anni,2018,2018,158,,
14_FUMO_SIGAR_GE20,oltre 20 sigarette,THV,valori in migliaia,1,maschi,Y18-19,18-19 anni,2018,2018,3,,
14_FUMO_SS,persone di 14 anni e piu fumatori che fumano sigarette,HSC,per 100 persone con le stesse caratteristiche,2,femmine,Y55-59,55-59 anni,2018,2018,99.6,,
14_FUMO_NO,non fumatori,HSC,per 100 persone con le stesse caratteristiche,2,femmine,Y75,75 anni e piu,2018,2018,80.9,,
14_FUMO_SIGAR_6-10,da 6 a 10 sigarette,THV,valori in migliaia,2,femmine,Y14-17,14-17 anni,2018,2018,10,,
14_FUMO_SIGAR_5,fino a 5 sigarette,THV,valori in migliaia,9,totale,Y45-54,45-54 anni,2018,2018,485,,
14_FUMO_SS,persone di 14 anni e piu fumatori che fumano sigarette,HSC,per 100 persone con le stesse caratteristiche,9,totale,Y14-17,14-17 anni,2018,2018,100,,
14_FUMO_SIGAR_5,fino a 5 sigarette,HSC,per 100 persone con le stesse caratteristiche,9,totale,Y35-44,35-44 anni,2018,2018,27.1,,
AV14_FUMO_SIGAR,numero medio di sigarette al giorno,HSC,per 100 persone con le stesse caratteristiche,1,maschi,Y55-59,55-59 anni,2018,2018,14.6,,
14_FUMO_SIGAR_6-10,da 6 a 10 sigarette,THV,valori in migliaia,1,maschi,Y45-54,45-54 anni,2018,2018,416,,
14_FUMO_SIGAR_GE20,oltre 20 sigarette,HSC,per 100 persone con le stesse caratteristiche,2,femmine,Y20-24,20-24 anni,2018,2018,0.7,,
14_FUMO_SS,persone di 14 anni e piu fumatori che fumano sigarette,THV,valori in migliaia,2,femmine,Y45-54,45-54 anni,2018,2018,938,,
14_FUMO_SIGAR_GE20,oltre 20 sigarette,HSC,per 100 persone con le stesse caratteristiche,1,maschi,Y75,75 anni e piu,2018,2018,1.2,,
14_FUMO_SIGAR_11-20,da 11 a 20 sigarette,THV,valori in migliaia,2,femmine,Y75,75 anni e piu,2018,2018,52,,
14_FUMO_SIGAR_6-10,da 6 a 10 sigarette,HSC,per 100 persone con le stesse caratteristiche,1,maschi,Y35-44,35-44 anni,2018,2018,31.1,,
14_FUMO_SS,persone di 14 anni e piu fumatori che fumano sigarette,HSC,per 100 persone con le stesse caratteristiche,2,femmine,Y35-44,35-44 anni,2018,2018,99.7,,
14_FUMO_NO,non fumatori,THV,valori in migliaia,1,maschi,Y55-59,55-59 anni,2018,2018,838,,
14_FUMO_SIGAR_6-10,da 6 a 10 sigarette,HSC,per 100 persone con le stesse caratteristiche,1,maschi,Y60-64,60-64 anni,2018,2018,28.7,,
14_FUMO_SS,persone di 14 anni e piu fumatori che fumano sigarette,THV,valori in migliaia,2,femmine,Y18-19,18-19 anni,2018,2018,96,,
14_FUMO_SS,persone di 14 anni e piu fumatori che fumano sigarette,HSC,per 100 persone con le stesse caratteristiche,1,maschi,Y20-24,20-24 anni,2018,2018,99.9,,
14_FUMO_SIGAR_5,fino a 5 sigarette,THV,valori in migliaia,2,femmine,Y20-24,20-24 anni,2018,2018,138,,
14_FUMO_SS,persone di 14 anni e piu fumatori che fumano sigarette,THV,valori in migliaia,1,maschi,Y25-34,25-34 anni,2018,2018,1063,,
14_FUMO_SIGAR_11-20,da 11 a 20 sigarette,HSC,per 100 persone con le stesse caratteristiche,9,totale,Y25-34,25-34 anni,2018,2018,31.5,,
14_FUMO_SIGAR_6-10,da 6 a 10 sigarette,THV,valori in migliaia,9,totale,Y75,75 anni e piu,2018,2018,151,,
14_FUMO_SIGAR_GE20,oltre 20 sigarette,THV,valori in migliaia,1,maschi,Y25-34,25-34 anni,2018,2018,32,,
14_FUMO_NO,non fumatori,HSC,per 100 persone con le stesse caratteristiche,1,maschi,Y_GE14,14 anni e piu,2018,2018,45.8,,
14_FUMO_SIGAR_11-20,da 11 a 20 sigarette,HSC,per 100 persone con le stesse caratteristiche,9,totale,Y65-74,65-74 anni,2018,2018,39.8,,
14_FUMO_SIGAR_GE20,oltre 20 sigarette,THV,valori in migliaia,1,maschi,Y45-54,45-54 anni,2018,2018,92,,
14_FUMO_SIGAR_5,fino a 5 sigarette,HSC,per 100 persone con le stesse caratteristiche,2,femmine,Y45-54,45-54 anni,2018,2018,33.8,,
14_FUMO_SIGAR_11-20,da 11 a 20 sigarette,THV,valori in migliaia,9,totale,Y55-59,55-59 anni,2018,2018,411,,
14_FUMO_SIGAR_6-10,da 6 a 10 sigarette,HSC,per 100 persone con le stesse caratteristiche,9,totale,Y14-17,14-17 anni,2018,2018,28.6,,
14_FUMO_SIGAR_11-20,da 11 a 20 sigarette,HSC,per 100 persone con le stesse caratteristiche,2,femmine,Y60-64,60-64 anni,2018,2018,34.7,,
14_FUMO_SIGAR_11-20,da 11 a 20 sigarette,THV,valori in migliaia,1,maschi,Y14-17,14-17 anni,2018,2018,8,,
14_FUMO_SIGAR_11-20,da 11 a 20 sigarette,HSC,per 100 persone con le stesse caratteristiche,2,femmine,Y35-44,35-44 anni,2018,2018,22,,
14_FUMO_SS,persone di 14 anni e piu fumatori che fumano sigarette,THV,valori in migliaia,1,maschi,Y35-44,35-44 anni,2018,2018,1237,,
14_FUMO_SS,persone di 14 anni e piu fumatori che fumano sigarette,THV,valori in migliaia,2,femmine,Y55-59,55-59 anni,2018,2018,449,,
14_FUMO_SS,persone di 14 anni e piu fumatori che fumano sigarette,THV,valori in migliaia,1,maschi,Y60-64,60-64 anni,2018,2018,345,,
14_FUMO_NO,non fumatori,HSC,per 100 persone con le stesse caratteristiche,1,maschi,Y14-17,14-17 anni,2018,2018,88.1,,
14_FUMO_SIGAR_11-20,da 11 a 20 sigarette,THV,valori in migliaia,2,femmine,Y60-64,60-64 anni,2018,2018,112,,
14_FUMO_SS,persone di 14 anni e piu fumatori che fumano sigarette,HSC,per 100 persone con le stesse caratteristiche,1,maschi,Y35-44,35-44 anni,2018,2018,98,,
14_FUMO_SS,persone di 14 anni e piu fumatori che fumano sigarette,HSC,per 100 persone con le stesse caratteristiche,1,maschi,Y25-34,25-34 anni,2018,2018,98.9,,
14_FUMO_SS,persone di 14 anni e piu fumatori che fumano sigarette,THV,valori in migliaia,1,maschi,Y18-19,18-19 anni,2018,2018,124,,
14_FUMO_SS,persone di 14 anni e piu fumatori che fumano sigarette,HSC,per 100 persone con le stesse caratteristiche,1,maschi,Y45-54,45-54 anni,2018,2018,95.8,,
14_FUMO_SIGAR_6-10,da 6 a 10 sigarette,HSC,per 100 persone con le stesse caratteristiche,9,totale,Y75,75 anni e piu,2018,2018,41.7,,
14_FUMO_SS,persone di 14 anni e piu fumatori che fumano sigarette,HSC,per 100 persone con le stesse caratteristiche,9,totale,Y_GE14,14 anni e piu,2018,2018,97.8,,
14_FUMO_SIGAR_6-10,da 6 a 10 sigarette,HSC,per 100 persone con le stesse caratteristiche,2,femmine,Y_GE14,14 anni e piu,2018,2018,39.7,,
14_FUMO_SIGAR_11-20,da 11 a 20 sigarette,HSC,per 100 persone con le stesse caratteristiche,9,totale,Y18-19,18-19 anni,2018,2018,13.7,,
14_FUMO_SIGAR_GE20,oltre 20 sigarette,THV,valori in migliaia,1,maschi,Y20-24,20-24 anni,2018,2018,3,,
14_FUMO_SIGAR_11-20,da 11 a 20 sigarette,THV,valori in migliaia,2,femmine,Y18-19,18-19 anni,2018,2018,4,,
14_FUMO_SIGAR_5,fino a 5 sigarette,THV,valori in migliaia,2,femmine,Y45-54,45-54 anni,2018,2018,317,,
14_FUMO_SIGAR_11-20,da 11 a 20 sigarette,THV,valori in migliaia,9,totale,Y65-74,65-74 anni,2018,2018,351,,
14_FUMO_NO,non fumatori,THV,valori in migliaia,1,maschi,Y75,75 anni e piu,2018,2018,1085,,
14_FUMO_SIGAR_11-20,da 11 a 20 sigarette,THV,valori in migliaia,2,femmine,Y14-17,14-17 anni,2018,2018,15,,
14_FUMO_NO,non fumatori,THV,valori in migliaia,1,maschi,Y_GE14,14 anni e piu,2018,2018,11658,,
14_FUMO_NO,non fumatori,THV,valori in migliaia,2,femmine,Y75,75 anni e piu,2018,2018,3238,,
14_FUMO_SIGAR_GE20,oltre 20 sigarette,THV,valori in migliaia,2,femmine,Y25-34,25-34 anni,2018,2018,5,,
14_FUMO_NO,non fumatori,HSC,per 100 persone con le stesse caratteristiche,2,femmine,Y14-17,14-17 anni,2018,2018,91.1,,
14_FUMO_SIGAR_11-20,da 11 a 20 sigarette,HSC,per 100 persone con le stesse caratteristiche,9,totale,Y55-59,55-59 anni,2018,2018,44.2,,
14_FUMO_SS,persone di 14 anni e piu fumatori che fumano sigarette,THV,valori in migliaia,1,maschi,Y55-59,55-59 anni,2018,2018,480,,
14_FUMO_SS,persone di 14 anni e piu fumatori che fumano sigarette,HSC,per 100 persone con le stesse caratteristiche,2,femmine,Y18-19,18-19 anni,2018,2018,100,,
14_FUMO_SIGAR_11-20,da 11 a 20 sigarette,THV,valori in migliaia,1,maschi,Y_GE14,14 anni e piu,2018,2018,2310,,
14_FUMO_SS,persone di 14 anni e piu fumatori che fumano sigarette,THV,valori in migliaia,2,femmine,Y65-74,65-74 anni,2018,2018,414,,
14_FUMO_SIGAR_6-10,da 6 a 10 sigarette,THV,valori in migliaia,1,maschi,Y65-74,65-74 anni,2018,2018,120,,
14_FUMO_SIGAR_GE20,oltre 20 sigarette,HSC,per 100 persone con le stesse caratteristiche,2,femmine,Y25-34,25-34 anni,2018,2018,0.8,,
14_FUMO_NO,non fumatori,THV,valori in migliaia,9,totale,Y60-64,60-64 anni,2018,2018,1821,,
14_FUMO_SIGAR_11-20,da 11 a 20 sigarette,HSC,per 100 persone con le stesse caratteristiche,1,maschi,Y_GE14,14 anni e piu,2018,2018,40.4,,
14_FUMO_NO,non fumatori,THV,valori in migliaia,9,totale,Y45-54,45-54 anni,2018,2018,5186,,
14_FUMO_SIGAR_5,fino a 5 sigarette,HSC,per 100 persone con le stesse caratteristiche,1,maschi,Y55-59,55-59 anni,2018,2018,13.4,,
14_FUMO_SIGAR_5,fino a 5 sigarette,THV,valori in migliaia,2,femmine,Y35-44,35-44 anni,2018,2018,253,,
14_FUMO_EX,ex fumatori,HSC,per 100 persone con le stesse caratteristiche,9,totale,Y_GE14,14 anni e piu,2018,2018,23.4,,
14_FUMO_NO,non fumatori,THV,valori in migliaia,9,totale,Y55-59,55-59 anni,2018,2018,2061,,
14_FUMO_SIGAR_5,fino a 5 sigarette,THV,valori in migliaia,2,femmine,Y18-19,18-19 anni,2018,2018,48,,
14_FUMO_SIGAR_GE20,oltre 20 sigarette,HSC,per 100 persone con le stesse caratteristiche,9,totale,Y_GE14,14 anni e piu,2018,2018,3.7,,
14_FUMO_NO,non fumatori,HSC,per 100 persone con le stesse caratteristiche,9,totale,Y35-44,35-44 anni,2018,2018,53.5,,
14_FUMO_SIGAR_GE20,oltre 20 sigarette,THV,valori in migliaia,1,maschi,Y60-64,60-64 anni,2018,2018,29,,
14_FUMO_SIGAR_11-20,da 11 a 20 sigarette,HSC,per 100 persone con le stesse caratteristiche,2,femmine,Y45-54,45-54 anni,2018,2018,27.7,,
14_FUMO_SS,persone di 14 anni e piu fumatori che fumano sigarette,THV,valori in migliaia,1,maschi,Y45-54,45-54 anni,2018,2018,1212,,
14_FUMO_SIGAR_5,fino a 5 sigarette,HSC,per 100 persone con le stesse caratteristiche,2,femmine,Y20-24,20-24 anni,2018,2018,46.4,,
14_FUMO_SIGAR_11-20,da 11 a 20 sigarette,HSC,per 100 persone con le stesse caratteristiche,1,maschi,Y14-17,14-17 anni,2018,2018,8.1,,
14_FUMO_NO,non fumatori,HSC,per 100 persone con le stesse caratteristiche,9,totale,Y60-64,60-64 anni,2018,2018,48.3,,
14_FUMO_SIGAR_5,fino a 5 sigarette,HSC,per 100 persone con le stesse caratteristiche,2,femmine,Y60-64,60-64 anni,2018,2018,21,,
14_FUMO_SIGAR_11-20,da 11 a 20 sigarette,THV,valori in migliaia,2,femmine,Y45-54,45-54 anni,2018,2018,260,,
14_FUMO_SIGAR_GE20,oltre 20 sigarette,HSC,per 100 persone con le stesse caratteristiche,1,maschi,Y20-24,20-24 anni,2018,2018,0.5,,
14_FUMO_EX,ex fumatori,HSC,per 100 persone con le stesse caratteristiche,9,totale,Y14-17,14-17 anni,2018,2018,2.7,,
14_FUMO_SIGAR_5,fino a 5 sigarette,THV,valori in migliaia,1,maschi,Y55-59,55-59 anni,2018,2018,64,,
14_FUMO_SS,persone di 14 anni e piu fumatori che fumano sigarette,HSC,per 100 persone con le stesse caratteristiche,1,maschi,Y60-64,60-64 anni,2018,2018,91,,
14_FUMO_SIGAR_6-10,da 6 a 10 sigarette,HSC,per 100 persone con le stesse caratteristiche,9,totale,Y20-24,20-24 anni,2018,2018,38.3,,
14_FUMO_SIGAR_5,fino a 5 sigarette,THV,valori in migliaia,1,maschi,Y14-17,14-17 anni,2018,2018,56,,
14_FUMO_SIGAR_6-10,da 6 a 10 sigarette,THV,valori in migliaia,9,totale,Y_GE14,14 anni e piu,2018,2018,3496,,
14_FUMO_NO,non fumatori,THV,valori in migliaia,9,totale,Y35-44,35-44 anni,2018,2018,4464,,
14_FUMO_SIGAR_GE20,oltre 20 sigarette,THV,valori in migliaia,1,maschi,Y35-44,35-44 anni,2018,2018,65,,
14_FUMO_EX,ex fumatori,HSC,per 100 persone con le stesse caratteristiche,2,femmine,Y18-19,18-19 anni,2018,2018,4.1,,
14_FUMO_SIGAR_GE20,oltre 20 sigarette,HSC,per 100 persone con le stesse caratteristiche,1,maschi,Y60-64,60-64 anni,2018,2018,8.3,,
14_FUMO_EX,ex fumatori,HSC,per 100 persone con le stesse caratteristiche,9,totale,Y75,75 anni e piu,2018,2018,29.8,,
14_FUMO_NO,non fumatori,THV,valori in migliaia,9,totale,Y18-19,18-19 anni,2018,2018,854,,
14_FUMO_SIGAR_GE20,oltre 20 sigarette,HSC,per 100 persone con le stesse caratteristiche,9,totale,Y75,75 anni e piu,2018,2018,0.8,,
14_FUMO_SIGAR_6-10,da 6 a 10 sigarette,THV,valori in migliaia,9,totale,Y14-17,14-17 anni,2018,2018,43,,
14_FUMO_NO,non fumatori,HSC,per 100 persone con le stesse caratteristiche,9,totale,Y45-54,45-54 anni,2018,2018,53.2,,
14_FUMO_SIGAR_5,fino a 5 sigarette,HSC,per 100 persone con le stesse caratteristiche,2,femmine,Y35-44,35-44 anni,2018,2018,34.1,,
14_FUMO_SIGAR_5,fino a 5 sigarette,THV,valori in migliaia,2,femmine,Y60-64,60-64 anni,2018,2018,68,,
14_FUMO_EX,ex fumatori,HSC,per 100 persone con le stesse caratteristiche,1,maschi,Y20-24,20-24 anni,2018,2018,11.2,,
14_FUMO_SS,persone di 14 anni e piu fumatori che fumano sigarette,HSC,per 100 persone con le stesse caratteristiche,2,femmine,Y65-74,65-74 anni,2018,2018,99.5,,
14_FUMO_SIGAR_5,fino a 5 sigarette,HSC,per 100 persone con le stesse caratteristiche,1,maschi,Y25-34,25-34 anni,2018,2018,24.9,,
14_FUMO_SIGAR_GE20,oltre 20 sigarette,HSC,per 100 persone con le stesse caratteristiche,2,femmine,Y18-19,18-19 anni,2018,2018,2.2,,
14_FUMO_SS,persone di 14 anni e piu fumatori che fumano sigarette,HSC,per 100 persone con le stesse caratteristiche,2,femmine,Y25-34,25-34 anni,2018,2018,100,,
14_FUMO_SIGAR_5,fino a 5 sigarette,HSC,per 100 persone con le stesse caratteristiche,9,totale,Y18-19,18-19 anni,2018,2018,42.9,,
14_FUMO_SIGAR_5,fino a 5 sigarette,THV,valori in migliaia,9,totale,Y25-34,25-34 anni,2018,2018,469,,
14_FUMO_SIGAR_6-10,da 6 a 10 sigarette,HSC,per 100 persone con le stesse caratteristiche,1,maschi,Y65-74,65-74 anni,2018,2018,25.8,,
14_FUMO_SIGAR_5,fino a 5 sigarette,THV,valori in migliaia,9,totale,Y65-74,65-74 anni,2018,2018,211,,
14_FUMO_SIGAR_GE20,oltre 20 sigarette,THV,valori in migliaia,2,femmine,Y65-74,65-74 anni,2018,2018,17,,
14_FUMO_SIGAR_6-10,da 6 a 10 sigarette,HSC,per 100 persone con le stesse caratteristiche,1,maschi,Y18-19,18-19 anni,2018,2018,39.4,,
14_FUMO_SIGAR_5,fino a 5 sigarette,THV,valori in migliaia,2,femmine,Y55-59,55-59 anni,2018,2018,93,,
14_FUMO_SIGAR_5,fino a 5 sigarette,HSC,per 100 persone con le stesse caratteristiche,9,totale,Y25-34,25-34 anni,2018,2018,28.5,,
14_FUMO_SS,persone di 14 anni e piu fumatori che fumano sigarette,THV,valori in migliaia,2,femmine,Y20-24,20-24 anni,2018,2018,297,,
14_FUMO_SIGAR_6-10,da 6 a 10 sigarette,THV,valori in migliaia,1,maschi,Y20-24,20-24 anni,2018,2018,182,,
14_FUMO_NO,non fumatori,THV,valori in migliaia,2,femmine,Y14-17,14-17 anni,2018,2018,1069,,
14_FUMO_SS,persone di 14 anni e piu fumatori che fumano sigarette,THV,valori in migliaia,2,femmine,Y25-34,25-34 anni,2018,2018,584,,
14_FUMO_NO,non fumatori,HSC,per 100 persone con le stesse caratteristiche,9,totale,Y55-59,55-59 anni,2018,2018,48.1,,
14_FUMO_SIGAR_5,fino a 5 sigarette,HSC,per 100 persone con le stesse caratteristiche,2,femmine,Y55-59,55-59 anni,2018,2018,20.8,,
14_FUMO_SIGAR_5,fino a 5 sigarette,THV,valori in migliaia,1,maschi,Y20-24,20-24 anni,2018,2018,171,,
14_FUMO_SIGAR_6-10,da 6 a 10 sigarette,THV,valori in migliaia,2,femmine,Y75,75 anni e piu,2018,2018,62,,
14_FUMO_SIGAR_5,fino a 5 sigarette,THV,valori in migliaia,1,maschi,Y18-19,18-19 anni,2018,2018,46,,
14_FUMO_SIGAR_GE20,oltre 20 sigarette,HSC,per 100 persone con le stesse caratteristiche,2,femmine,Y_GE14,14 anni e piu,2018,2018,1.6,,
14_FUMO_SIGAR_5,fino a 5 sigarette,HSC,per 100 persone con le stesse caratteristiche,1,maschi,Y45-54,45-54 anni,2018,2018,13.9,,
14_FUMO_SIGAR_11-20,da 11 a 20 sigarette,HSC,per 100 persone con le stesse caratteristiche,2,femmine,Y65-74,65-74 anni,2018,2018,30.1,,
14_FUMO_NO,non fumatori,THV,valori in migliaia,2,femmine,Y45-54,45-54 anni,2018,2018,2999,,
14_FUMO_SIGAR_11-20,da 11 a 20 sigarette,THV,valori in migliaia,2,femmine,Y55-59,55-59 anni,2018,2018,162,,
14_FUMO_SIGAR_11-20,da 11 a 20 sigarette,HSC,per 100 persone con le stesse caratteristiche,1,maschi,Y25-34,25-34 anni,2018,2018,36.3,,
14_FUMO_SIGAR_GE20,oltre 20 sigarette,THV,valori in migliaia,2,femmine,Y_GE14,14 anni e piu,2018,2018,64,,
14_FUMO_SIGAR_5,fino a 5 sigarette,THV,valori in migliaia,1,maschi,Y75,75 anni e piu,2018,2018,48,,
14_FUMO_SIGAR_5,fino a 5 sigarette,THV,valori in migliaia,9,totale,Y_GE14,14 anni e piu,2018,2018,2562,,
14_FUMO_SIGAR_GE20,oltre 20 sigarette,HSC,per 100 persone con le stesse caratteristiche,1,maschi,Y18-19,18-19 anni,2018,2018,2.5,,
14_FUMO_SIGAR_11-20,da 11 a 20 sigarette,THV,valori in migliaia,9,totale,Y14-17,14-17 anni,2018,2018,23,,
14_FUMO_SIGAR_GE20,oltre 20 sigarette,THV,valori in migliaia,9,totale,Y75,75 anni e piu,2018,2018,3,,
14_FUMO_SIGAR_5,fino a 5 sigarette,HSC,per 100 persone con le stesse caratteristiche,2,femmine,Y14-17,14-17 anni,2018,2018,53.3,,
14_FUMO_NO,non fumatori,HSC,per 100 persone con le stesse caratteristiche,9,totale,Y20-24,20-24 anni,2018,2018,60.7,,
14_FUMO_SIGAR_5,fino a 5 sigarette,THV,valori in migliaia,2,femmine,Y25-34,25-34 anni,2018,2018,204,,
14_FUMO_SIGAR_11-20,da 11 a 20 sigarette,HSC,per 100 persone con le stesse caratteristiche,2,femmine,Y55-59,55-59 anni,2018,2018,36.2,,
14_FUMO_NO,non fumatori,HSC,per 100 persone con le stesse caratteristiche,9,totale,Y14-17,14-17 anni,2018,2018,89.6,,
14_FUMO_SIGAR_6-10,da 6 a 10 sigarette,THV,valori in migliaia,1,maschi,Y55-59,55-59 anni,2018,2018,128,,
14_FUMO_SIGAR_GE20,oltre 20 sigarette,HSC,per 100 persone con le stesse caratteristiche,9,totale,Y60-64,60-64 anni,2018,2018,4.8,,
14_FUMO_SIGAR_5,fino a 5 sigarette,HSC,per 100 persone con le stesse caratteristiche,2,femmine,Y25-34,25-34 anni,2018,2018,35,,
14_FUMO_NO,non fumatori,THV,valori in migliaia,9,totale,Y14-17,14-17 anni,2018,2018,2141,,
14_FUMO_SS,persone di 14 anni e piu fumatori che fumano sigarette,THV,valori in migliaia,1,maschi,Y65-74,65-74 anni,2018,2018,466,,
14_FUMO_SIGAR_5,fino a 5 sigarette,THV,valori in migliaia,2,femmine,Y14-17,14-17 anni,2018,2018,29,,
14_FUMO_NO,non fumatori,THV,valori in migliaia,2,femmine,Y20-24,20-24 anni,2018,2018,907,,
14_FUMO_SIGAR_11-20,da 11 a 20 sigarette,HSC,per 100 persone con le stesse caratteristiche,1,maschi,Y75,75 anni e piu,2018,2018,27.7,,
14_FUMO_SS,persone di 14 anni e piu fumatori che fumano sigarette,THV,valori in migliaia,9,totale,Y75,75 anni e piu,2018,2018,361,,
14_FUMO_SIGAR_GE20,oltre 20 sigarette,THV,valori in migliaia,9,totale,Y18-19,18-19 anni,2018,2018,5,,
14_FUMO_SIGAR_5,fino a 5 sigarette,THV,valori in migliaia,1,maschi,Y25-34,25-34 anni,2018,2018,265,,
14_FUMO_SIGAR_5,fino a 5 sigarette,HSC,per 100 persone con le stesse caratteristiche,9,totale,Y_GE14,14 anni e piu,2018,2018,26.2,,
14_FUMO_NO,non fumatori,HSC,per 100 persone con le stesse caratteristiche,2,femmine,Y45-54,45-54 anni,2018,2018,60.7,,
14_FUMO_SIGAR_GE20,oltre 20 sigarette,HSC,per 100 persone con le stesse caratteristiche,9,totale,Y45-54,45-54 anni,2018,2018,5.2,,
14_FUMO_SIGAR_5,fino a 5 sigarette,THV,valori in migliaia,1,maschi,Y45-54,45-54 anni,2018,2018,168,,
14_FUMO_SIGAR_11-20,da 11 a 20 sigarette,THV,valori in migliaia,2,femmine,Y65-74,65-74 anni,2018,2018,125,,
14_FUMO_SIGAR_11-20,da 11 a 20 sigarette,HSC,per 100 persone con le stesse caratteristiche,9,totale,Y20-24,20-24 anni,2018,2018,22.7,,
14_FUMO_EX,ex fumatori,HSC,per 100 persone con le stesse caratteristiche,9,totale,Y35-44,35-44 anni,2018,2018,22,,
14_FUMO_SIGAR_11-20,da 11 a 20 sigarette,HSC,per 100 persone con le stesse caratteristiche,1,maschi,Y35-44,35-44 anni,2018,2018,40.7,,
14_FUMO_SIGAR_11-20,da 11 a 20 sigarette,HSC,per 100 persone con le stesse caratteristiche,1,maschi,Y60-64,60-64 anni,2018,2018,50.3,,
14_FUMO_SS,persone di 14 anni e piu fumatori che fumano sigarette,HSC,per 100 persone con le stesse caratteristiche,9,totale,Y75,75 anni e piu,2018,2018,96.2,,
14_FUMO_SIGAR_6-10,da 6 a 10 sigarette,THV,valori in migliaia,9,totale,Y35-44,35-44 anni,2018,2018,703,,
14_FUMO_SIGAR_11-20,da 11 a 20 sigarette,THV,valori in migliaia,9,totale,Y20-24,20-24 anni,2018,2018,182,,
14_FUMO_EX,ex fumatori,HSC,per 100 persone con le stesse caratteristiche,1,maschi,Y55-59,55-59 anni,2018,2018,35.4,,
14_FUMO_SIGAR_6-10,da 6 a 10 sigarette,THV,valori in migliaia,9,totale,Y45-54,45-54 anni,2018,2018,757,,
14_FUMO_SIGAR_11-20,da 11 a 20 sigarette,THV,valori in migliaia,1,maschi,Y60-64,60-64 anni,2018,2018,174,,
14_FUMO_SIGAR_6-10,da 6 a 10 sigarette,HSC,per 100 persone con le stesse caratteristiche,1,maschi,Y_GE14,14 anni e piu,2018,2018,32.9,,
14_FUMO_SIGAR_6-10,da 6 a 10 sigarette,THV,valori in migliaia,9,totale,Y60-64,60-64 anni,2018,2018,240,,
14_FUMO_SIGAR_6-10,da 6 a 10 sigarette,HSC,per 100 persone con le stesse caratteristiche,2,femmine,Y75,75 anni e piu,2018,2018,36.8,,
14_FUMO_SS,persone di 14 anni e piu fumatori che fumano sigarette,HSC,per 100 persone con le stesse caratteristiche,2,femmine,Y_GE14,14 anni e piu,2018,2018,99.6,,
14_FUMO_NO,non fumatori,THV,valori in migliaia,1,maschi,Y14-17,14-17 anni,2018,2018,1072,,
14_FUMO_SIGAR_6-10,da 6 a 10 sigarette,HSC,per 100 persone con le stesse caratteristiche,9,totale,Y60-64,60-64 anni,2018,2018,35.8,,
14_FUMO_SIGAR_11-20,da 11 a 20 sigarette,HSC,per 100 persone con le stesse caratteristiche,2,femmine,Y25-34,25-34 anni,2018,2018,22.9,,
14_FUMO_SS,persone di 14 anni e piu fumatori che fumano sigarette,THV,valori in migliaia,9,totale,Y_GE14,14 anni e piu,2018,2018,9787,,
14_FUMO_EX,ex fumatori,HSC,per 100 persone con le stesse caratteristiche,2,femmine,Y_GE14,14 anni e piu,2018,2018,17.2,,
14_FUMO_SIGAR_5,fino a 5 sigarette,THV,valori in migliaia,1,maschi,Y35-44,35-44 anni,2018,2018,284,,
14_FUMO_NO,non fumatori,THV,valori in migliaia,2,femmine,Y55-59,55-59 anni,2018,2018,1223,,
14_FUMO_SIGAR_5,fino a 5 sigarette,HSC,per 100 persone con le stesse caratteristiche,1,maschi,Y60-64,60-64 anni,2018,2018,12.6,,
14_FUMO_SIGAR_6-10,da 6 a 10 sigarette,HSC,per 100 persone con le stesse caratteristiche,9,totale,Y55-59,55-59 anni,2018,2018,33.7,,
14_FUMO_SIGAR_5,fino a 5 sigarette,HSC,per 100 persone con le stesse caratteristiche,9,totale,Y75,75 anni e piu,2018,2018,28.4,,
14_FUMO_NO,non fumatori,THV,valori in migliaia,2,femmine,Y60-64,60-64 anni,2018,2018,1170,,
14_FUMO_NO,non fumatori,HSC,per 100 persone con le stesse caratteristiche,2,femmine,Y35-44,35-44 anni,2018,2018,63,,
14_FUMO_SIGAR_GE20,oltre 20 sigarette,THV,valori in migliaia,1,maschi,Y65-74,65-74 anni,2018,2018,30,,
14_FUMO_SIGAR_5,fino a 5 sigarette,HSC,per 100 persone con le stesse caratteristiche,2,femmine,Y18-19,18-19 anni,2018,2018,50,,
14_FUMO_NO,non fumatori,HSC,per 100 persone con le stesse caratteristiche,9,totale,Y18-19,18-19 anni,2018,2018,73.6,,
14_FUMO_SIGAR_11-20,da 11 a 20 sigarette,THV,valori in migliaia,2,femmine,Y20-24,20-24 anni,2018,2018,32,,
14_FUMO_SIGAR_11-20,da 11 a 20 sigarette,THV,valori in migliaia,1,maschi,Y75,75 anni e piu,2018,2018,53,,
14_FUMO_NO,non fumatori,THV,valori in migliaia,9,totale,Y65-74,65-74 anni,2018,2018,3386,,
14_FUMO_NO,non fumatori,THV,valori in migliaia,9,totale,Y25-34,25-34 anni,2018,2018,3827,,
14_FUMO_NO,non fumatori,HSC,per 100 persone con le stesse caratteristiche,1,maschi,Y25-34,25-34 anni,2018,2018,50.1,,
14_FUMO_SS,persone di 14 anni e piu fumatori che fumano sigarette,HSC,per 100 persone con le stesse caratteristiche,1,maschi,Y65-74,65-74 anni,2018,2018,92.9,,
14_FUMO_SIGAR_5,fino a 5 sigarette,THV,valori in migliaia,2,femmine,Y65-74,65-74 anni,2018,2018,122,,
14_FUMO_SS,persone di 14 anni e piu fumatori che fumano sigarette,HSC,per 100 persone con le stesse caratteristiche,1,maschi,Y18-19,18-19 anni,2018,2018,99.3,,
14_FUMO_SIGAR_GE20,oltre 20 sigarette,HSC,per 100 persone con le stesse caratteristiche,1,maschi,Y65-74,65-74 anni,2018,2018,6.4,,
14_FUMO_SS,persone di 14 anni e piu fumatori che fumano sigarette,THV,valori in migliaia,1,maschi,Y20-24,20-24 anni,2018,2018,505,,
14_FUMO_NO,non fumatori,HSC,per 100 persone con le stesse caratteristiche,9,totale,Y25-34,25-34 anni,2018,2018,57.8,,
14_FUMO_NO,non fumatori,HSC,per 100 persone con le stesse caratteristiche,9,totale,Y65-74,65-74 anni,2018,2018,50.9,,
14_FUMO_SIGAR_5,fino a 5 sigarette,HSC,per 100 persone con le stesse caratteristiche,2,femmine,Y65-74,65-74 anni,2018,2018,29.3,,
14_FUMO_NO,non fumatori,HSC,per 100 persone con le stesse caratteristiche,2,femmine,Y55-59,55-59 anni,2018,2018,55.8,,
14_FUMO_SIGAR_11-20,da 11 a 20 sigarette,THV,valori in migliaia,2,femmine,Y35-44,35-44 anni,2018,2018,163,,
14_FUMO_NO,non fumatori,THV,valori in migliaia,9,totale,Y20-24,20-24 anni,2018,2018,1759,,
14_FUMO_SIGAR_GE20,oltre 20 sigarette,HSC,per 100 persone con le stesse caratteristiche,1,maschi,Y55-59,55-59 anni,2018,2018,8.2,,
14_FUMO_NO,non fumatori,THV,valori in migliaia,2,femmine,Y35-44,35-44 anni,2018,2018,2634,,
14_FUMO_SIGAR_6-10,da 6 a 10 sigarette,THV,valori in migliaia,2,femmine,Y_GE14,14 anni e piu,2018,2018,1615,,
14_FUMO_EX,ex fumatori,HSC,per 100 persone con le stesse caratteristiche,2,femmine,Y75,75 anni e piu,2018,2018,13.9,,
14_FUMO_NO,non fumatori,THV,valori in migliaia,2,femmine,Y18-19,18-19 anni,2018,2018,456,,
14_FUMO_SIGAR_11-20,da 11 a 20 sigarette,THV,valori in migliaia,1,maschi,Y18-19,18-19 anni,2018,2018,26,,
14_FUMO_SIGAR_GE20,oltre 20 sigarette,HSC,per 100 persone con le stesse caratteristiche,2,femmine,Y75,75 anni e piu,2018,2018,0.3,,
14_FUMO_SIGAR_11-20,da 11 a 20 sigarette,THV,valori in migliaia,9,totale,Y25-34,25-34 anni,2018,2018,520,,
14_FUMO_SIGAR_5,fino a 5 sigarette,HSC,per 100 persone con le stesse caratteristiche,1,maschi,Y35-44,35-44 anni,2018,2018,22.9,,
14_FUMO_SS,persone di 14 anni e piu fumatori che fumano sigarette,HSC,per 100 persone con le stesse caratteristiche,1,maschi,Y55-59,55-59 anni,2018,2018,94.4,,
14_FUMO_SIGAR_11-20,da 11 a 20 sigarette,HSC,per 100 persone con le stesse caratteristiche,2,femmine,Y20-24,20-24 anni,2018,2018,10.9,,
14_FUMO_SIGAR_5,fino a 5 sigarette,THV,valori in migliaia,1,maschi,Y60-64,60-64 anni,2018,2018,44,,
14_FUMO_SIGAR_11-20,da 11 a 20 sigarette,HSC,per 100 persone con le stesse caratteristiche,1,maschi,Y45-54,45-54 anni,2018,2018,44.3,,
14_FUMO_NO,non fumatori,HSC,per 100 persone con le stesse caratteristiche,2,femmine,Y20-24,20-24 anni,2018,2018,67.9,,
14_FUMO_SIGAR_5,fino a 5 sigarette,HSC,per 100 persone con le stesse caratteristiche,1,maschi,Y20-24,20-24 anni,2018,2018,33.8,,
14_FUMO_NO,non fumatori,HSC,per 100 persone con le stesse caratteristiche,1,maschi,Y75,75 anni e piu,2018,2018,38.8,,
14_FUMO_NO,non fumatori,HSC,per 100 persone con le stesse caratteristiche,2,femmine,Y60-64,60-64 anni,2018,2018,59.4,,
14_FUMO_SIGAR_11-20,da 11 a 20 sigarette,THV,valori in migliaia,1,maschi,Y25-34,25-34 anni,2018,2018,386,,
14_FUMO_SIGAR_11-20,da 11 a 20 sigarette,HSC,per 100 persone con le stesse caratteristiche,2,femmine,Y14-17,14-17 anni,2018,2018,28.6,,
14_FUMO_SIGAR_6-10,da 6 a 10 sigarette,HSC,per 100 persone con le stesse caratteristiche,9,totale,Y35-44,35-44 anni,2018,2018,35.5,,
14_FUMO_SIGAR_GE20,oltre 20 sigarette,THV,valori in migliaia,1,maschi,Y55-59,55-59 anni,2018,2018,39,,
14_FUMO_SIGAR_6-10,da 6 a 10 sigarette,THV,valori in migliaia,9,totale,Y18-19,18-19 anni,2018,2018,90,,
14_FUMO_SIGAR_11-20,da 11 a 20 sigarette,THV,valori in migliaia,1,maschi,Y45-54,45-54 anni,2018,2018,536,,
14_FUMO_SIGAR_6-10,da 6 a 10 sigarette,HSC,per 100 persone con le stesse caratteristiche,9,totale,Y45-54,45-54 anni,2018,2018,35.2,,
14_FUMO_SIGAR_GE20,oltre 20 sigarette,HSC,per 100 persone con le stesse caratteristiche,2,femmine,Y14-17,14-17 anni,2018,2018,0,,
AV14_FUMO_SIGAR,numero medio di sigarette al giorno,HSC,per 100 persone con le stesse caratteristiche,9,totale,Y_GE14,14 anni e piu,2018,2018,11.1,,
AV14_FUMO_SIGAR,numero medio di sigarette al giorno,HSC,per 100 persone con le stesse caratteristiche,2,femmine,Y25-34,25-34 anni,2018,2018,8.9,,
AV14_FUMO_SIGAR,numero medio di sigarette al giorno,HSC,per 100 persone con le stesse caratteristiche,2,femmine,Y18-19,18-19 anni,2018,2018,6.6,,
14_FUMO_SIGAR_GE20,oltre 20 sigarette,HSC,per 100 persone con le stesse caratteristiche,2,femmine,Y45-54,45-54 anni,2018,2018,2.1,,
14_FUMO_SIGAR_GE20,oltre 20 sigarette,HSC,per 100 persone con le stesse caratteristiche,9,totale,Y14-17,14-17 anni,2018,2018,0,,
AV14_FUMO_SIGAR,numero medio di sigarette al giorno,HSC,per 100 persone con le stesse caratteristiche,1,maschi,Y35-44,35-44 anni,2018,2018,12.3,,
AV14_FUMO_SIGAR,numero medio di sigarette al giorno,HSC,per 100 persone con le stesse caratteristiche,1,maschi,Y60-64,60-64 anni,2018,2018,14.7,,
AV14_FUMO_SIGAR,numero medio di sigarette al giorno,HSC,per 100 persone con le stesse caratteristiche,2,femmine,Y65-74,65-74 anni,2018,2018,10.4,,
AV14_FUMO_SIGAR,numero medio di sigarette al giorno,HSC,per 100 persone con le stesse caratteristiche,9,totale,Y75,75 anni e piu,2018,2018,9.8,,
AV14_FUMO_SIGAR,numero medio di sigarette al giorno,HSC,per 100 persone con le stesse caratteristiche,1,maschi,Y65-74,65-74 anni,2018,2018,13.2,,
AV14_FUMO_SIGAR,numero medio di sigarette al giorno,HSC,per 100 persone con le stesse caratteristiche,1,maschi,Y18-19,18-19 anni,2018,2018,8.7,,
AV14_FUMO_SIGAR,numero medio di sigarette al giorno,HSC,per 100 persone con le stesse caratteristiche,2,femmine,Y14-17,14-17 anni,2018,2018,8,,
14_FUMO_SIGAR_GE20,oltre 20 sigarette,THV,valori in migliaia,9,totale,Y_GE14,14 anni e piu,2018,2018,359,,
AV14_FUMO_SIGAR,numero medio di sigarette al giorno,HSC,per 100 persone con le stesse caratteristiche,2,femmine,Y_GE14,14 anni e piu,2018,2018,9.5,,
14_FUMO_SIGAR_GE20,oltre 20 sigarette,HSC,per 100 persone con le stesse caratteristiche,9,totale,Y18-19,18-19 anni,2018,2018,2.4,,
AV14_FUMO_SIGAR,numero medio di sigarette al giorno,HSC,per 100 persone con le stesse caratteristiche,1,maschi,Y_GE14,14 anni e piu,2018,2018,12.3,,
AV14_FUMO_SIGAR,numero medio di sigarette al giorno,HSC,per 100 persone con le stesse caratteristiche,9,totale,Y60-64,60-64 anni,2018,2018,12.8,,
AV14_FUMO_SIGAR,numero medio di sigarette al giorno,HSC,per 100 persone con le stesse caratteristiche,2,femmine,Y75,75 anni e piu,2018,2018,9.7,,
AV14_FUMO_SIGAR,numero medio di sigarette al giorno,HSC,per 100 persone con le stesse caratteristiche,1,maschi,Y75,75 anni e piu,2018,2018,9.9,,
14_FUMO_SIGAR_GE20,oltre 20 sigarette,HSC,per 100 persone con le stesse caratteristiche,1,maschi,Y35-44,35-44 anni,2018,2018,5.3,,
AV14_FUMO_SIGAR,numero medio di sigarette al giorno,HSC,per 100 persone con le stesse caratteristiche,9,totale,Y35-44,35-44 anni,2018,2018,11.1,,
AV14_FUMO_SIGAR,numero medio di sigarette al giorno,HSC,per 100 persone con le stesse caratteristiche,9,totale,Y55-59,55-59 anni,2018,2018,13,,
AV14_FUMO_SIGAR,numero medio di sigarette al giorno,HSC,per 100 persone con le stesse caratteristiche,9,totale,Y18-19,18-19 anni,2018,2018,7.8,,
AV14_FUMO_SIGAR,numero medio di sigarette al giorno,HSC,per 100 persone con le stesse caratteristiche,9,totale,Y20-24,20-24 anni,2018,2018,8.5,,
AV14_FUMO_SIGAR,numero medio di sigarette al giorno,HSC,per 100 persone con le stesse caratteristiche,2,femmine,Y60-64,60-64 anni,2018,2018,10.8,,
AV14_FUMO_SIGAR,numero medio di sigarette al giorno,HSC,per 100 persone con le stesse caratteristiche,1,maschi,Y14-17,14-17 anni,2018,2018,6.4,,
AV14_FUMO_SIGAR,numero medio di sigarette al giorno,HSC,per 100 persone con le stesse caratteristiche,2,femmine,Y20-24,20-24 anni,2018,2018,7,,
AV14_FUMO_SIGAR,numero medio di sigarette al giorno,HSC,per 100 persone con le stesse caratteristiche,2,femmine,Y35-44,35-44 anni,2018,2018,9,,
14_FUMO_SIGAR_GE20,oltre 20 sigarette,HSC,per 100 persone con le stesse caratteristiche,1,maschi,Y45-54,45-54 anni,2018,2018,7.6,,
AV14_FUMO_SIGAR,numero medio di sigarette al giorno,HSC,per 100 persone con le stesse caratteristiche,2,femmine,Y55-59,55-59 anni,2018,2018,11.2,,
AV14_FUMO_SIGAR,numero medio di sigarette al giorno,HSC,per 100 persone con le stesse caratteristiche,9,totale,Y45-54,45-54 anni,2018,2018,11.9,,
AV14_FUMO_SIGAR,numero medio di sigarette al giorno,HSC,per 100 persone con le stesse caratteristiche,9,totale,Y14-17,14-17 anni,2018,2018,7,,
AV14_FUMO_SIGAR,numero medio di sigarette al giorno,HSC,per 100 persone con le stesse caratteristiche,2,femmine,Y45-54,45-54 anni,2018,2018,9.6,,
AV14_FUMO_SIGAR,numero medio di sigarette al giorno,HSC,per 100 persone con le stesse caratteristiche,9,totale,Y65-74,65-74 anni,2018,2018,11.9,,
AV14_FUMO_SIGAR,numero medio di sigarette al giorno,HSC,per 100 persone con le stesse caratteristiche,9,totale,Y25-34,25-34 anni,2018,2018,10.3,,
