﻿ITTER107,Territorio,TIPO_DATO_AVQ,Tipo dato,MISURA_AVQ,Misura,TIME,Seleziona periodo,Value,Flag Codes,Flags
IT,Italia,14_FUMO_SI,fumatori,THV,valori in migliaia,2017,2017,10366,,
IT,Italia,14_FUMO_SI,fumatori,THV,valori in migliaia,2018,2018,10005,,
IT,Italia,14_FUMO_SI,fumatori,HSC,per 100 persone con le stesse caratteristiche,2017,2017,19.7,,
IT,Italia,14_FUMO_SI,fumatori,HSC,per 100 persone con le stesse caratteristiche,2018,2018,19,,
ITE1,Toscana,14_FUMO_SI,fumatori,HSC,per 100 persone con le stesse caratteristiche,2017,2017,20.6,,
ITE1,Toscana,14_FUMO_SI,fumatori,HSC,per 100 persone con le stesse caratteristiche,2018,2018,20,,
2,centro area metropolitana,14_FUMO_SI,fumatori,HSC,per 100 persone con le stesse caratteristiche,2017,2017,21,,
2,centro area metropolitana,14_FUMO_SI,fumatori,HSC,per 100 persone con le stesse caratteristiche,2018,2018,20.4,,
ITC1,Piemonte,14_FUMO_SI,fumatori,THV,valori in migliaia,2017,2017,795,,
ITC1,Piemonte,14_FUMO_SI,fumatori,THV,valori in migliaia,2018,2018,774,,
ITE3,Marche,14_FUMO_SI,fumatori,THV,valori in migliaia,2017,2017,271,,
ITE3,Marche,14_FUMO_SI,fumatori,THV,valori in migliaia,2018,2018,273,,
ITFG,Mezzogiorno,14_FUMO_SI,fumatori,THV,valori in migliaia,2017,2017,3515,,
ITFG,Mezzogiorno,14_FUMO_SI,fumatori,THV,valori in migliaia,2018,2018,3301,,
3,periferia area metropolitana,14_FUMO_SI,fumatori,THV,valori in migliaia,2017,2017,1367,,
3,periferia area metropolitana,14_FUMO_SI,fumatori,THV,valori in migliaia,2018,2018,1447,,
ITE2,Umbria,14_FUMO_SI,fumatori,THV,valori in migliaia,2017,2017,173,,
ITE2,Umbria,14_FUMO_SI,fumatori,THV,valori in migliaia,2018,2018,159,,
2,centro area metropolitana,14_FUMO_SI,fumatori,THV,valori in migliaia,2017,2017,1651,,
2,centro area metropolitana,14_FUMO_SI,fumatori,THV,valori in migliaia,2018,2018,1627,,
ITE2,Umbria,14_FUMO_SI,fumatori,HSC,per 100 persone con le stesse caratteristiche,2017,2017,22.3,,
ITE2,Umbria,14_FUMO_SI,fumatori,HSC,per 100 persone con le stesse caratteristiche,2018,2018,20.5,,
ITF6,Calabria,14_FUMO_SI,fumatori,THV,valori in migliaia,2017,2017,281,,
ITF6,Calabria,14_FUMO_SI,fumatori,THV,valori in migliaia,2018,2018,277,,
3,periferia area metropolitana,14_FUMO_SI,fumatori,HSC,per 100 persone con le stesse caratteristiche,2017,2017,20.8,,
3,periferia area metropolitana,14_FUMO_SI,fumatori,HSC,per 100 persone con le stesse caratteristiche,2018,2018,19.6,,
ITE,Centro,14_FUMO_SI,fumatori,THV,valori in migliaia,2017,2017,2097,,
ITE,Centro,14_FUMO_SI,fumatori,THV,valori in migliaia,2018,2018,2287,,
ITE1,Toscana,14_FUMO_SI,fumatori,THV,valori in migliaia,2017,2017,677,,
ITE1,Toscana,14_FUMO_SI,fumatori,THV,valori in migliaia,2018,2018,656,,
ITE,Centro,14_FUMO_SI,fumatori,HSC,per 100 persone con le stesse caratteristiche,2017,2017,19.9,,
ITE,Centro,14_FUMO_SI,fumatori,HSC,per 100 persone con le stesse caratteristiche,2018,2018,21.7,,
8,10.001 - 50.000 ab.,14_FUMO_SI,fumatori,HSC,per 100 persone con le stesse caratteristiche,2017,2017,19.5,,
8,10.001 - 50.000 ab.,14_FUMO_SI,fumatori,HSC,per 100 persone con le stesse caratteristiche,2018,2018,19,,
ITG1,Sicilia,14_FUMO_SI,fumatori,HSC,per 100 persone con le stesse caratteristiche,2017,2017,20.4,,
ITG1,Sicilia,14_FUMO_SI,fumatori,HSC,per 100 persone con le stesse caratteristiche,2018,2018,18.9,,
ITD5,Emilia-Romagna,14_FUMO_SI,fumatori,THV,valori in migliaia,2017,2017,757,,
ITD5,Emilia-Romagna,14_FUMO_SI,fumatori,THV,valori in migliaia,2018,2018,677,,
9,50.001 ab. e più,14_FUMO_SI,fumatori,THV,valori in migliaia,2017,2017,1644,,
9,50.001 ab. e più,14_FUMO_SI,fumatori,THV,valori in migliaia,2018,2018,1582,,
ITG,Isole,14_FUMO_SI,fumatori,THV,valori in migliaia,2017,2017,1153,,
ITG,Isole,14_FUMO_SI,fumatori,THV,valori in migliaia,2018,2018,1107,,
ITG2,Sardegna,14_FUMO_SI,fumatori,THV,valori in migliaia,2017,2017,261,,
ITG2,Sardegna,14_FUMO_SI,fumatori,THV,valori in migliaia,2018,2018,281,,
ITD5,Emilia-Romagna,14_FUMO_SI,fumatori,HSC,per 100 persone con le stesse caratteristiche,2017,2017,19.6,,
ITD5,Emilia-Romagna,14_FUMO_SI,fumatori,HSC,per 100 persone con le stesse caratteristiche,2018,2018,17.5,,
ITF6,Calabria,14_FUMO_SI,fumatori,HSC,per 100 persone con le stesse caratteristiche,2017,2017,16.4,,
ITF6,Calabria,14_FUMO_SI,fumatori,HSC,per 100 persone con le stesse caratteristiche,2018,2018,16.2,,
ITFG,Mezzogiorno,14_FUMO_SI,fumatori,HSC,per 100 persone con le stesse caratteristiche,2017,2017,19.5,,
ITFG,Mezzogiorno,14_FUMO_SI,fumatori,HSC,per 100 persone con le stesse caratteristiche,2018,2018,18.3,,
ITC3,Liguria,14_FUMO_SI,fumatori,THV,valori in migliaia,2017,2017,299,,
ITC3,Liguria,14_FUMO_SI,fumatori,THV,valori in migliaia,2018,2018,261,,
ITG2,Sardegna,14_FUMO_SI,fumatori,HSC,per 100 persone con le stesse caratteristiche,2017,2017,17.8,,
ITG2,Sardegna,14_FUMO_SI,fumatori,HSC,per 100 persone con le stesse caratteristiche,2018,2018,19.1,,
ITC3,Liguria,14_FUMO_SI,fumatori,HSC,per 100 persone con le stesse caratteristiche,2017,2017,21.5,,
ITC3,Liguria,14_FUMO_SI,fumatori,HSC,per 100 persone con le stesse caratteristiche,2018,2018,18.9,,
ITG,Isole,14_FUMO_SI,fumatori,HSC,per 100 persone con le stesse caratteristiche,2017,2017,19.7,,
ITG,Isole,14_FUMO_SI,fumatori,HSC,per 100 persone con le stesse caratteristiche,2018,2018,19,,
ITCD,Nord,14_FUMO_SI,fumatori,THV,valori in migliaia,2017,2017,4755,,
ITCD,Nord,14_FUMO_SI,fumatori,THV,valori in migliaia,2018,2018,4416,,
7,2.001 - 10.000 ab.,14_FUMO_SI,fumatori,HSC,per 100 persone con le stesse caratteristiche,2017,2017,19.4,,
7,2.001 - 10.000 ab.,14_FUMO_SI,fumatori,HSC,per 100 persone con le stesse caratteristiche,2018,2018,18.7,,
8,10.001 - 50.000 ab.,14_FUMO_SI,fumatori,THV,valori in migliaia,2017,2017,2786,,
8,10.001 - 50.000 ab.,14_FUMO_SI,fumatori,THV,valori in migliaia,2018,2018,2593,,
ITF1,Abruzzo,14_FUMO_SI,fumatori,THV,valori in migliaia,2017,2017,229,,
ITF1,Abruzzo,14_FUMO_SI,fumatori,THV,valori in migliaia,2018,2018,221,,
ITF,Sud,14_FUMO_SI,fumatori,HSC,per 100 persone con le stesse caratteristiche,2017,2017,19.3,,
ITF,Sud,14_FUMO_SI,fumatori,HSC,per 100 persone con le stesse caratteristiche,2018,2018,18,,
ITF5,Basilicata,14_FUMO_SI,fumatori,HSC,per 100 persone con le stesse caratteristiche,2017,2017,19.5,,
ITF5,Basilicata,14_FUMO_SI,fumatori,HSC,per 100 persone con le stesse caratteristiche,2018,2018,19.1,,
9,50.001 ab. e più,14_FUMO_SI,fumatori,HSC,per 100 persone con le stesse caratteristiche,2017,2017,18.6,,
9,50.001 ab. e più,14_FUMO_SI,fumatori,HSC,per 100 persone con le stesse caratteristiche,2018,2018,17.8,,
ITG1,Sicilia,14_FUMO_SI,fumatori,THV,valori in migliaia,2017,2017,892,,
ITG1,Sicilia,14_FUMO_SI,fumatori,THV,valori in migliaia,2018,2018,826,,
ITF5,Basilicata,14_FUMO_SI,fumatori,THV,valori in migliaia,2017,2017,98,,
ITF5,Basilicata,14_FUMO_SI,fumatori,THV,valori in migliaia,2018,2018,96,,
ITE4,Lazio,14_FUMO_SI,fumatori,THV,valori in migliaia,2017,2017,975,,
ITE4,Lazio,14_FUMO_SI,fumatori,THV,valori in migliaia,2018,2018,1199,,
ITC1,Piemonte,14_FUMO_SI,fumatori,HSC,per 100 persone con le stesse caratteristiche,2017,2017,20.7,,
ITC1,Piemonte,14_FUMO_SI,fumatori,HSC,per 100 persone con le stesse caratteristiche,2018,2018,20.2,,
ITC,Nord-ovest,14_FUMO_SI,fumatori,THV,valori in migliaia,2017,2017,2904,,
ITC,Nord-ovest,14_FUMO_SI,fumatori,THV,valori in migliaia,2018,2018,2694,,
ITC2,Valle d'Aosta / Vallée d'Aoste,14_FUMO_SI,fumatori,THV,valori in migliaia,2017,2017,21,,
ITC2,Valle d'Aosta / Vallée d'Aoste,14_FUMO_SI,fumatori,THV,valori in migliaia,2018,2018,21,,
ITC,Nord-ovest,14_FUMO_SI,fumatori,HSC,per 100 persone con le stesse caratteristiche,2017,2017,20.7,,
ITC,Nord-ovest,14_FUMO_SI,fumatori,HSC,per 100 persone con le stesse caratteristiche,2018,2018,19.2,,
ITD3,Veneto,14_FUMO_SI,fumatori,THV,valori in migliaia,2017,2017,763,,
ITD3,Veneto,14_FUMO_SI,fumatori,THV,valori in migliaia,2018,2018,708,,
ITCD,Nord,14_FUMO_SI,fumatori,HSC,per 100 persone con le stesse caratteristiche,2017,2017,19.7,,
ITCD,Nord,14_FUMO_SI,fumatori,HSC,per 100 persone con le stesse caratteristiche,2018,2018,18.3,,
7,2.001 - 10.000 ab.,14_FUMO_SI,fumatori,THV,valori in migliaia,2017,2017,2375,,
7,2.001 - 10.000 ab.,14_FUMO_SI,fumatori,THV,valori in migliaia,2018,2018,2233,,
ITD1,Provincia Autonoma Bolzano / Bozen,14_FUMO_SI,fumatori,THV,valori in migliaia,2017,2017,77,,
ITD1,Provincia Autonoma Bolzano / Bozen,14_FUMO_SI,fumatori,THV,valori in migliaia,2018,2018,83,,
ITD4,Friuli-Venezia Giulia,14_FUMO_SI,fumatori,THV,valori in migliaia,2017,2017,182,,
ITD4,Friuli-Venezia Giulia,14_FUMO_SI,fumatori,THV,valori in migliaia,2018,2018,175,,
ITC4,Lombardia,14_FUMO_SI,fumatori,THV,valori in migliaia,2017,2017,1788,,
ITC4,Lombardia,14_FUMO_SI,fumatori,THV,valori in migliaia,2018,2018,1638,,
ITF1,Abruzzo,14_FUMO_SI,fumatori,HSC,per 100 persone con le stesse caratteristiche,2017,2017,19.7,,
ITF1,Abruzzo,14_FUMO_SI,fumatori,HSC,per 100 persone con le stesse caratteristiche,2018,2018,19.1,,
ITC2,Valle d'Aosta / Vallée d'Aoste,14_FUMO_SI,fumatori,HSC,per 100 persone con le stesse caratteristiche,2017,2017,19.3,,
ITC2,Valle d'Aosta / Vallée d'Aoste,14_FUMO_SI,fumatori,HSC,per 100 persone con le stesse caratteristiche,2018,2018,18.7,,
ITF2,Molise,14_FUMO_SI,fumatori,HSC,per 100 persone con le stesse caratteristiche,2017,2017,20.1,,
ITF2,Molise,14_FUMO_SI,fumatori,HSC,per 100 persone con le stesse caratteristiche,2018,2018,17,,
ITDA,Trentino Alto Adige / Südtirol,14_FUMO_SI,fumatori,HSC,per 100 persone con le stesse caratteristiche,2017,2017,16.6,,
ITDA,Trentino Alto Adige / Südtirol,14_FUMO_SI,fumatori,HSC,per 100 persone con le stesse caratteristiche,2018,2018,18,,
ITF3,Campania,14_FUMO_SI,fumatori,HSC,per 100 persone con le stesse caratteristiche,2017,2017,21.1,,
ITF3,Campania,14_FUMO_SI,fumatori,HSC,per 100 persone con le stesse caratteristiche,2018,2018,18.7,,
ITF4,Puglia,14_FUMO_SI,fumatori,THV,valori in migliaia,2017,2017,638,,
ITF4,Puglia,14_FUMO_SI,fumatori,THV,valori in migliaia,2018,2018,614,,
ITE3,Marche,14_FUMO_SI,fumatori,HSC,per 100 persone con le stesse caratteristiche,2017,2017,20.1,,
ITE3,Marche,14_FUMO_SI,fumatori,HSC,per 100 persone con le stesse caratteristiche,2018,2018,20.4,,
6,fino a 2.000 ab.,14_FUMO_SI,fumatori,THV,valori in migliaia,2017,2017,543,,
6,fino a 2.000 ab.,14_FUMO_SI,fumatori,THV,valori in migliaia,2018,2018,523,,
ITD4,Friuli-Venezia Giulia,14_FUMO_SI,fumatori,HSC,per 100 persone con le stesse caratteristiche,2017,2017,17.1,,
ITD4,Friuli-Venezia Giulia,14_FUMO_SI,fumatori,HSC,per 100 persone con le stesse caratteristiche,2018,2018,16.4,,
ITD1,Provincia Autonoma Bolzano / Bozen,14_FUMO_SI,fumatori,HSC,per 100 persone con le stesse caratteristiche,2017,2017,17.4,,
ITD1,Provincia Autonoma Bolzano / Bozen,14_FUMO_SI,fumatori,HSC,per 100 persone con le stesse caratteristiche,2018,2018,18.7,,
ITD,Nord-est,14_FUMO_SI,fumatori,THV,valori in migliaia,2017,2017,1851,,
ITD,Nord-est,14_FUMO_SI,fumatori,THV,valori in migliaia,2018,2018,1722,,
ITF4,Puglia,14_FUMO_SI,fumatori,HSC,per 100 persone con le stesse caratteristiche,2017,2017,18,,
ITF4,Puglia,14_FUMO_SI,fumatori,HSC,per 100 persone con le stesse caratteristiche,2018,2018,17.4,,
ITD2,Provincia Autonoma Trento,14_FUMO_SI,fumatori,HSC,per 100 persone con le stesse caratteristiche,2017,2017,15.8,,
ITD2,Provincia Autonoma Trento,14_FUMO_SI,fumatori,HSC,per 100 persone con le stesse caratteristiche,2018,2018,17.2,,
ITD3,Veneto,14_FUMO_SI,fumatori,HSC,per 100 persone con le stesse caratteristiche,2017,2017,18,,
ITD3,Veneto,14_FUMO_SI,fumatori,HSC,per 100 persone con le stesse caratteristiche,2018,2018,16.7,,
6,fino a 2.000 ab.,14_FUMO_SI,fumatori,HSC,per 100 persone con le stesse caratteristiche,2017,2017,18.9,,
6,fino a 2.000 ab.,14_FUMO_SI,fumatori,HSC,per 100 persone con le stesse caratteristiche,2018,2018,18.3,,
ITE4,Lazio,14_FUMO_SI,fumatori,HSC,per 100 persone con le stesse caratteristiche,2017,2017,19.1,,
ITE4,Lazio,14_FUMO_SI,fumatori,HSC,per 100 persone con le stesse caratteristiche,2018,2018,23.4,,
ITD2,Provincia Autonoma Trento,14_FUMO_SI,fumatori,THV,valori in migliaia,2017,2017,72,,
ITD2,Provincia Autonoma Trento,14_FUMO_SI,fumatori,THV,valori in migliaia,2018,2018,79,,
ITD,Nord-est,14_FUMO_SI,fumatori,HSC,per 100 persone con le stesse caratteristiche,2017,2017,18.4,,
ITD,Nord-est,14_FUMO_SI,fumatori,HSC,per 100 persone con le stesse caratteristiche,2018,2018,17,,
ITF3,Campania,14_FUMO_SI,fumatori,THV,valori in migliaia,2017,2017,1060,,
ITF3,Campania,14_FUMO_SI,fumatori,THV,valori in migliaia,2018,2018,939,,
ITDA,Trentino Alto Adige / Südtirol,14_FUMO_SI,fumatori,THV,valori in migliaia,2017,2017,149,,
ITDA,Trentino Alto Adige / Südtirol,14_FUMO_SI,fumatori,THV,valori in migliaia,2018,2018,163,,
ITF,Sud,14_FUMO_SI,fumatori,THV,valori in migliaia,2017,2017,2362,,
ITF,Sud,14_FUMO_SI,fumatori,THV,valori in migliaia,2018,2018,2194,,
ITC4,Lombardia,14_FUMO_SI,fumatori,HSC,per 100 persone con le stesse caratteristiche,2017,2017,20.6,,
ITC4,Lombardia,14_FUMO_SI,fumatori,HSC,per 100 persone con le stesse caratteristiche,2018,2018,18.9,,
ITF2,Molise,14_FUMO_SI,fumatori,THV,valori in migliaia,2017,2017,56,,
ITF2,Molise,14_FUMO_SI,fumatori,THV,valori in migliaia,2018,2018,47,,
